Key,Russian,English,Czech,PortugueseBrazilian,Spanish,Polska,SimplifiedChinese,TraditionalChinese,Japanese,Korean,Deutsch,French,Italiana,Turkish,Hungarian,Ukrainian,Indonesia
m_name.gwelts.1,Адал,Adal,,Adal,,,,,,,,,,,,Адал,Aan
m_name.gwelts.2,Адалгис,Adalgis,,Adalgis,,,,,,,,,,,,Адалґіс,Abd Masse
m_name.gwelts.3,Альберик,Alberic,,Alberic,,,,,,,,,,,,Альберік,Abdi
m_name.gwelts.4,Альбо,Albo,,Albo,,,,,,,,,,,,Альбо,Abdul
m_name.gwelts.5,Альдгар,Aldgar,,Aldgar,,,,,,,,,,,,Альдґар,Abdul Arif Dwi Nuggroho
m_name.gwelts.6,Альдред,Aldred,,Aldred,,,,,,,,,,,,Альдред,Abdul Latif
m_name.gwelts.7,Альфрик,Alfric,,Alfric,,,,,,,,,,,,Альфрік,Abdul Qoni
m_name.gwelts.8,Алвин,Alwin,,Alwin,,,,,,,,,,,,Альвін,Abdul Rahim
m_name.gwelts.9,Амальрик,Amalric,,Amalric,,,,,,,,,,,,Амальрік,Abdullah
m_name.gwelts.10,Амольд,Amold,,Amold,,,,,,,,,,,,Амольд,Abed Nego Pagiling
m_name.gwelts.11,Анно,Anno,,Anno,,,,,,,,,,,,Анно,Abian
m_name.gwelts.12,Армин,Armin,,Armin,,,,,,,,,,,,Армін,Abid
m_name.gwelts.13,Аскер,Ascar,,Ascar,,,,,,,,,,,,Аскар,Abid Abdillah Rasyid
m_name.gwelts.14,Асгер,Asger,,Asger,,,,,,,,,,,,Азґер,Abimanyu
m_name.gwelts.15,Атульф,Athulf,,Athulf,,,,,,,,,,,,Атульф,Abizar
m_name.gwelts.16,Аудрик,Audric,,Audric,,,,,,,,,,,,Одрік,Abror
m_name.gwelts.17,Балдерик,Balderic,,Balderic,,,,,,,,,,,,Больдерік,Achmadi
m_name.gwelts.18,Бардульф,Bardulf,,Bardulf,,,,,,,,,,,,Бардульф,Adam Jumahir Syawal
m_name.gwelts.19,Беорн,Beorn,,Beorn,,,,,,,,,,,,Бйорн,Adam Maulana
m_name.gwelts.20,Бернульф,Bernulf,,Bernulf,,,,,,,,,,,,Бернульф,Ade Alimudin
m_name.gwelts.21,Бертольф,Bertolf,,Bertolf,,,,,,,,,,,,Бертольф,Adha
m_name.gwelts.22,Брандульф,Brandulf,,Brandulf,,,,,,,,,,,,Брандульф,Adhi
m_name.gwelts.23,Бруно,Bruno,,Bruno,,,,,,,,,,,,Бруно,Adhit
m_name.gwelts.24,Буркхард,Burkhard,,Burkhard,,,,,,,,,,,,Бурхард,Adi
m_name.gwelts.25,Цедрик,Cedric,,Cedric,,,,,,,,,,,,Седрік,Adi Setia Pramono
m_name.gwelts.26,Конрад,Conrad,,Conrad,,,,,,,,,,,,Конрад,Adimas
m_name.gwelts.27,Корбиниан,Corbinian,,Corbinian,,,,,,,,,,,,Корбініан,Aditya
m_name.gwelts.28,Дитмар,Dietmar,,Dietmar,,,,,,,,,,,,Дітмар,Aditya Dwi Suryana
m_name.gwelts.29,Дирк,Dirk,,Dirk,,,,,,,,,,,,Дірк,Aditya Eka
m_name.gwelts.30,Эадфрит,Eadfrith,,Eadfrith,,,,,,,,,,,,Едфріт,Adji Aidil Adsa
m_name.gwelts.31,Эадгер,Eadger,,Eadger,,,,,,,,,,,,Едґер,Adji Chandra Mulia Hakim
m_name.gwelts.32,Эадгит,Eadgyth,,Eadgyth,,,,,,,,,,,,Едґіт,Adkhan
m_name.gwelts.33,Эадрик,Eadric,,Eadric,,,,,,,,,,,,Едрік,Adnan
m_name.gwelts.34,Эадульф,Eadwulf,,Eadwulf,,,,,,,,,,,,Еадвульф,Adonis
m_name.gwelts.35,Эгберт,Egbert,,Egbert,,,,,,,,,,,,Еґберт,Adrian
m_name.gwelts.36,Эгил,Egil,,Egil,,,,,,,,,,,,Еґіл,Adriansyah
m_name.gwelts.37,Энгельберт,Engelbert,,Engelbert,,,,,,,,,,,,Енґельберт,Afandi
m_name.gwelts.38,Эвальд,Ewald,,Ewald,,,,,,,,,,,,Евальд,Afif
m_name.gwelts.39,Фарамунд,Faramund,,Faramund,,,,,,,,,,,,Фарамунд,Afrian
m_name.gwelts.40,Фоско,Fosco,,Fosco,,,,,,,,,,,,Фоско,Afrisal Nur Riskian
m_name.gwelts.41,Фридульф,Fridulf,,Fridulf,,,,,,,,,,,,Фрідульф,Agas Prasojo
m_name.gwelts.42,Фрисо,Friso,,Friso,,,,,,,,,,,,Фрізо,Agung
m_name.gwelts.43,Фульберт,Fulbert,,Fulbert,,,,,,,,,,,,Фульберт,Agung Pahlevi
m_name.gwelts.44,Гарульф,Garulf,,Garulf,,,,,,,,,,,,Гарульф,Agus
m_name.gwelts.45,Гаусберт,Gausbert,,Gausbert,,,,,,,,,,,,Гасберт,Agustinus Derita
m_name.gwelts.46,Гебхард,Gebhard,,Gebhard,,,,,,,,,,,,Гебхард,Ahmad
m_name.gwelts.47,Гейло,Geilo,,Geilo,,,,,,,,,,,,Ґейло,Ahmad Al Farisi
m_name.gwelts.48,Герберт,Gerbert,,Gerbert,,,,,,,,,,,,Герберт,Ahmad Hasan
m_name.gwelts.49,Геро,Gero,,Gero,,,,,,,,,,,,Геро,Ahmad Humaedi Hudori
m_name.gwelts.50,Гизельберт,Giselbert,,Giselbert,,,,,,,,,,,,Ґізельберт,Ahmad Nasri
m_name.gwelts.51,Годафрид,Godafrid,,Godafrid,,,,,,,,,,,,Годафрід,Ahmad Nawawi
m_name.gwelts.52,Годвульф,Godwulf,,Godwulf,,,,,,,,,,,,Ґодвульф,Ahmad Nur Latif
m_name.gwelts.53,Гримберт,Grimbert,,Grimbert,,,,,,,,,,,,Ґрімберт,Ahmad Rah Yusuf
m_name.gwelts.54,Гримольд,Grimold,,Grimold,,,,,,,,,,,,Ґрімольд,Ahmad Rasid
m_name.gwelts.55,Гунтер,Gunther,,Gunther,,,,,,,,,,,,Гюнтер,Ahmad Ripai
m_name.gwelts.56,Хадульф,Hadulf,,Hadulf,,,,,,,,,,,,Ґадульф,Ahmad Ripani
m_name.gwelts.57,Хамо,Hamo,,Hamo,,,,,,,,,,,,Ґамо,Ahmad Rizki Indrajid
m_name.gwelts.58,Харман,Harman,,Harman,,,,,,,,,,,,Гарман,Ahmad Sauki
m_name.gwelts.59,Хартвиг,Hartwig,,Hartwig,,,,,,,,,,,,Гартвіг,Ahmad Soim
m_name.gwelts.60,Хелмер,Helmer,,Helmer,,,,,,,,,,,,Гельмер,Aji
m_name.gwelts.61,Херлуин,Herluin,,Herluin,,,,,,,,,,,,Герлун,Aji Pangestu
m_name.gwelts.62,Магнус,Herwald,,Herwald,,,,,,,,,,,,Гервальд,Akbar
m_name.gwelts.63,Иммо,Magnus,,Magnus,,,,,,,,,,,,Маґнус,Akhmad
m_name.gwelts.64,Иммо,Magnus,,Magnus,,,,,,,,,,,,Маґнус,Akhmad Jordi
m_name.gwelts.65,Иммо,Hildemar,,Hildemar,,,,,,,,,,,,Гільдемар,Akhmad Riscal Topani
m_name.gwelts.66,Хильдерик,Hilderic,,Hilderic,,,,,,,,,,,,Ґільдерік,Akmal
m_name.gwelts.67,Магнус,Hildulf,,Hildulf,,,,,,,,,,,,Ґільдульф,Al Imrani
m_name.gwelts.68,Хродгер,Hrodger,,Hrodger,,,,,,,,,,,,Ґродґер,Alamsyah
m_name.gwelts.69,Хротгар,Hrothgar,,Hrothgar,,,,,,,,,,,,Ґротґар,Albert Putra
m_name.gwelts.70,Иммо,Immo,,Immo,,,,,,,,,,,,Іммо,Albertus Tangkin
m_name.gwelts.71,Ингемар,Ingemar,,Ingemar,,,,,,,,,,,,Інґемар,Aldi Wijaya
m_name.gwelts.72,Ингольф,Ingolf,,Ingolf,,,,,,,,,,,,Інґольф,Alfian
m_name.gwelts.73,Инго,Ingo,,Ingo,,,,,,,,,,,,Інґо,Alfian Ersar Anggara
m_name.gwelts.74,Ирмин,Irmin,,Irmin,,,,,,,,,,,,Ірмін,Alias
m_name.gwelts.75,Изенберт,Isenbert,,Isenbert,,,,,,,,,,,,Ізенберт,Alif
m_name.gwelts.76,Ярл,Jarl,,Jarl,,,,,,,,,,,,Йарл,Alvin
m_name.gwelts.77,Йост,Jost,,Jost,,,,,,,,,,,,Йост,Alwan
m_name.gwelts.78,Куно,Kuno,,Kuno,,,,,,,,,,,,Куно,Alwi
m_name.gwelts.79,Лейф,Leif,,Leif,,,,,,,,,,,,Лейф,Amar
m_name.gwelts.80,Людо,Ludo,,Ludo,,,,,,,,,,,,Лудо,Ambiya Mursalin
m_name.gwelts.81,Магнус,Magnus,,Magnus,,,,,,,,,,,,Маґнус,Amin
m_name.gwelts.82,Манфред,Manfred,,Manfred,,,,,,,,,,,,Манфред,Amri
m_name.gwelts.83,Марквард,Markward,,Markward,,,,,,,,,,,,Марквард,Ananda
m_name.gwelts.84,Мервин,Merwin,,Merwin,,,,,,,,,,,,Мервін,Andi
m_name.gwelts.85,Нанно,Nanno,,Nanno,,,,,,,,,,,,Нанно,Andi Darmansyah
m_name.gwelts.86,Нильс,Nils,,Nils,,,,,,,,,,,,Нільс,Andi Wijaya
m_name.gwelts.87,Одгар,Odgar,,Odgar,,,,,,,,,,,,Одґар,Andika
m_name.gwelts.88,Одило,Odilo,,Odilo,,,,,,,,,,,,Оділо,Andika Prestanto
m_name.gwelts.89,Одо,Odo,,Odo,,,,,,,,,,,,Одо,Andra
m_name.gwelts.90,Орвал,Orval,,Orval,,,,,,,,,,,,Орвал,Andri
m_name.gwelts.91,Осберт,Osbert,,Osbert,,,,,,,,,,,,Озберт,Andri Faisal
m_name.gwelts.92,Осфрид,Osfrid,,Osfrid,,,,,,,,,,,,Озфрід,Andri Kurniawan
m_name.gwelts.93,Осмонд,Osmond,,Osmond,,,,,,,,,,,,Озмонд,Andri Purwanto
m_name.gwelts.94,Осрик,Osric,,Osric,,,,,,,,,,,,Озрік,Andrian
m_name.gwelts.95,Освин,Oswin,,Oswin,,,,,,,,,,,,Освін,Andriya Dwi Santoso
m_name.gwelts.96,Радберт,Radbert,,Radbert,,,,,,,,,,,,Радберт,Andy Setiawan
m_name.gwelts.97,Радульф,Radulf,,Radulf,,,,,,,,,,,,Радульф,Angga
m_name.gwelts.98,Ральф,Ralph,,Ralph,,,,,,,,,,,,Ральф,Angga Yudi Darmansyah
m_name.gwelts.99,Рейнхольд,Reinhold,,Reinhold,,,,,,,,,,,,Рейнольд,Angkasa
m_name.gwelts.100,Рикард,Rikard,,Rikard,,,,,,,,,,,,Рікард,Anton
m_name.gwelts.101,Риттер,Ritter,,Ritter,,,,,,,,,,,,Ріттер,Anugerah
m_name.gwelts.102,Рольфе,Rolfe,,Rolfe,,,,,,,,,,,,Рольфе,Anugrah
m_name.gwelts.103,Сандер,Sander,,Sander,,,,,,,,,,,,Сандер,Anwar
m_name.gwelts.104,Зигберт,Siegbert,,Siegbert,,,,,,,,,,,,Зіґбер,Aprianto
m_name.gwelts.105,Зигхард,Sieghard,,Sieghard,,,,,,,,,,,,Зіґхард,Apriyanto
m_name.gwelts.106,Зигмунд,Siegmund,,Siegmund,,,,,,,,,,,,Зіґмунд,Arafat Saputra
m_name.gwelts.107,Зигфрид,Sigfrid,,Sigfrid,,,,,,,,,,,,Зіґфрід,Ardan
m_name.gwelts.108,Зигмар,Sigmar,,Sigmar,,,,,,,,,,,,Зіґмар,Ardhika
m_name.gwelts.109,Зигульф,Sigulf,,Sigulf,,,,,,,,,,,,Зіґульф,Ardi
m_name.gwelts.110,Свен,Sven,,Sven,,,,,,,,,,,,Свен,Ardiansyah
m_name.gwelts.111,Теодор,Teodor,,Teodor,,,,,,,,,,,,Теодор,Arfan Maulana H
m_name.gwelts.112,Танкмар,Thancmar,,Thancmar,,,,,,,,,,,,Танкмар,Arga Yoga Priandana
m_name.gwelts.113,Торгил,Thorgil,,Thorgil,,,,,,,,,,,,Торґіл,Argo
m_name.gwelts.114,Торкил,Thorkil,,Thorkil,,,,,,,,,,,,Торкіл,Ari
m_name.gwelts.115,Торстен,Thorsten,,Thorsten,,,,,,,,,,,,Торстен,Ari Duwi Setiawan
m_name.gwelts.116,Турстан,Thurstan,,Thurstan,,,,,,,,,,,,Турстан,Ari Wahyudi
m_name.gwelts.117,Удо,Udo,,Udo,,,,,,,,,,,,Удо,Arie Saputra Pratama
m_name.gwelts.118,Ульрих,Ulrich,,Ulrich,,,,,,,,,,,,Ульріх,Arif
m_name.gwelts.119,Фолькер,Volker,,Volker,,,,,,,,,,,,Волькер,Arif Dwi Hermono
m_name.gwelts.120,Вальдо,Waldo,,Waldo,,,,,,,,,,,,Валдо,Arif Faturahman
m_name.gwelts.121,Вальфрид,Walfrid,,Walfrid,,,,,,,,,,,,Вольфрід,Arifin
m_name.gwelts.122,Вальдемар,Waldemar,,Waldemar,,,,,,,,,,,,Вальдемар,Aripin
m_name.gwelts.123,Вальдо,Waldo,,Waldo,,,,,,,,,,,,Вальдо,Aris
m_name.gwelts.124,Вендел,Wendel,,Wendel,,,,,,,,,,,,Вендел,Arista Lutfidianto
m_name.gwelts.125,Вернер,Werner,,Werner,,,,,,,,,,,,Вернер,Arka
m_name.gwelts.126,Вигберт,Wigbert,,Wigbert,,,,,,,,,,,,Віґберт,Arohman Nurcahyo
m_name.gwelts.127,Вигмар,Wigmar,,Wigmar,,,,,,,,,,,,Віґмар,Arsyil Majid Dwi Prasetia
m_name.gwelts.128,Вигульф,Wigulf,,Wigulf,,,,,,,,,,,,Віґульф,Ary Prasetiyo
m_name.gwelts.129,Вильгельм,Wilhelm,,Wilhelm,,,,,,,,,,,,Вільгельм,Arya
m_name.gwelts.130,Вилфрид,Wilfrid,,Wilfrid,,,,,,,,,,,,Вільфрід,Arya Tri Prasetyo
m_name.gwelts.131,Виллибальд,Willibald,,Willibald,,,,,,,,,,,,Віллібальд,Aryo
m_name.gwelts.132,Вильмот,Wilmot,,Wilmot,,,,,,,,,,,,Вільмот,Avid
m_name.gwelts.133,Вимонд,Wymond,,Wymond,,,,,,,,,,,,Вімонд,Awang Daliansyah
m_name.gwelts.134,Винфрид,Wynfrid,,Wynfrid,,,,,,,,,,,,Вінфрід,Awendra Pranata
m_name.gwelts.135,Винстан,Wynstan,,Wynstan,,,,,,,,,,,,Вінстан,Aziz Bikahan
m_name.gwelts.136,Иво,Yvo,,Yvo,,,,,,,,,,,,Іво,Bachtiar
m_name.gwelts.137,Захария,Zacharias,,Zacharias,,,,,,,,,,,,Закарі,Bagas
m_name.gwelts.138,Зено,Zeno,,Zeno,,,,,,,,,,,,Зено,Bagaskara
m_name.gwelts.139,Золтан,Zoltan,,Zoltan,,,,,,,,,,,,Зольтан,Bagus
m_name.gwelts.140,Зоран,Zoran,,Zoran,,,,,,,,,,,,Зоран,Bagus Risdhani
m_name.gwelts.141,Зигмунд,Zsigmond,,Zsigmond,,,,,,,,,,,,Зіґмонд,Bakri
m_name.gwelts.142,Звонимир,Zvonimir,,Zvonimir,,,,,,,,,,,,Звонімір,Bakti
m_name.gwelts.143,Зигфрид,Zygfryd,,Zygfryd,,,,,,,,,,,,Зигфрід,Bambang
m_name.gwelts.144,Зигмунт,Zygmunt,,Zygmunt,,,,,,,,,,,,Зигмунт,Barata
m_name.gwelts.145,Алдан,Aldan,,Aldan,,,,,,,,,,,,Альдан,Baskara
m_name.gwelts.146,Альфрик,Alfric,,Alfric,,,,,,,,,,,,Альфрек,Baskoro
m_name.gwelts.147,Элин,Alyn,,Alyn,,,,,,,,,,,,Алін,Basuki
m_name.gwelts.148,Андрас,Andras,,Andras,,,,,,,,,,,,Андрас,Bayu
m_name.gwelts.149,Арильд,Arild,,Arild,,,,,,,,,,,,Арільд,Bayu Aji Pamungkas
m_name.gwelts.150,Арнульф,Arnulf,,Arnulf,,,,,,,,,,,,Арнульф,Bayuaji
m_name.gwelts.151,Олдин,Auldin,,Auldin,,,,,,,,,,,,Олдін,Beni
m_name.gwelts.152,Бальтазар,Balthasar,,Balthasar,,,,,,,,,,,,Бальтазар,Billa Gandi
m_name.gwelts.153,Болдуин,Baldwin,,Baldwin,,,,,,,,,,,,Болдвін,Bima
m_name.gwelts.154,Бартрам,Bartram,,Bartram,,,,,,,,,,,,Бартрам,Bimas Yudhystira Prasetyo
m_name.gwelts.155,Бельфред,Belfred,,Belfred,,,,,,,,,,,,Бельфред,Bintang
m_name.gwelts.156,Беровальд,Berowald,,Berowald,,,,,,,,,,,,Беровальд,Bobby
m_name.gwelts.157,Бертвин,Bertwin,,Bertwin,,,,,,,,,,,,Бертвін,Boerhan Prianto
m_name.gwelts.158,Бевен,Beven,,Beven,,,,,,,,,,,,Бевен,Bram
m_name.gwelts.159,Билфред,Bilfred,,Bilfred,,,,,,,,,,,,Більфред,Bram Sukoco
m_name.gwelts.160,Бран,Bran,,Bran,,,,,,,,,,,,Бранн,Brata
m_name.gwelts.161,Бритхельм,Brithelm,,Brithelm,,,,,,,,,,,,Брітельм,Bravian Arifadipta
m_name.gwelts.162,Бродерик,Broderick,,Broderick,,,,,,,,,,,,Бродерік,Brian Pradana Putra
m_name.gwelts.163,Биртноут,Byrhtnoth,,Byrhtnoth,,,,,,,,,,,,Бірнот,Budi
m_name.gwelts.164,Кэдуоллер,Cadwaller,,Cadwaller,,,,,,,,,,,,Кадвалер,Budi Sulistiyo
m_name.gwelts.165,Кэлан,Caelan,,Caelan,,,,,,,,,,,,Кейлан,Buyung Chandra
m_name.gwelts.166,Коули,Cawley,,Cawley,,,,,,,,,,,,Коулі,Cahyo
m_name.gwelts.167,Седрик,Cedric,,Cedric,,,,,,,,,,,,Седрік,Cahyo Musyafani
m_name.gwelts.168,Чэдвик,Chadwick,,Chadwick,,,,,,,,,,,,Чадвік,Cahyono
m_name.gwelts.169,Колвин,Colwyn,,Colwyn,,,,,,,,,,,,Колвін,Candara Widiyanto
m_name.gwelts.170,Кинвульф,Cynwulf,,Cynwulf,,,,,,,,,,,,Кінвульф,Candra
m_name.gwelts.171,Даган,Dagan,,Dagan,,,,,,,,,,,,Даґан,Catur
m_name.gwelts.172,Дэвид,Dafydd,,Dafydd,,,,,,,,,,,,Дафід,Catur Sandy Nasution
m_name.gwelts.173,Дагоберт,Dagobert,,Dagobert,,,,,,,,,,,,Даґберт,Chairul
m_name.gwelts.174,Дэнфорт,Danforth,,Danforth,,,,,,,,,,,,Данфорт,Chandra
m_name.gwelts.175,Дариан,Darian,,Darian,,,,,,,,,,,,Даріан,Choirul Mubin
m_name.gwelts.176,Дарнелл,Darnell,,Darnell,,,,,,,,,,,,Дарнел,Dadi
m_name.gwelts.177,Дэвен,Daven,,Daven,,,,,,,,,,,,Дейвен,Daffa
m_name.gwelts.178,Дедрик,Dedrick,,Dedrick,,,,,,,,,,,,Дедрік,Damar
m_name.gwelts.179,Дерик,Deryck,,Deryck,,,,,,,,,,,,Дерик,Danang
m_name.gwelts.180,Доменик,Domenic,,Domenic,,,,,,,,,,,,Доменік,Danang Eka Setyawan
m_name.gwelts.181,Дугалд,Dugald,,Dugald,,,,,,,,,,,,Дугальд,Dandi
m_name.gwelts.182,Дурвин,Durwin,,Durwin,,,,,,,,,,,,Дарвін,Dani
m_name.gwelts.183,Эдгар,Eadgar,,Eadgar,,,,,,,,,,,,Едгар,Danu
m_name.gwelts.184,Эдрик,Eadric,,Eadric,,,,,,,,,,,,Едрік,Darmawan
m_name.gwelts.185,Эдуард,Eadweard,,Eadweard,,,,,,,,,,,,Едверд,Darrel
m_name.gwelts.186,Эдвулф,Eadwulf,,Eadwulf,,,,,,,,,,,,Едвульф,Daryono
m_name.gwelts.187,Элстан,Ealhstan,,Ealhstan,,,,,,,,,,,,Ельхстан,David
m_name.gwelts.188,Элрик,Ealric,,Ealric,,,,,,,,,,,,Ельрік,Deby
m_name.gwelts.189,Эдберт,Edbert,,Edbert,,,,,,,,,,,,Едберт,Dede
m_name.gwelts.190,Эдлин,Edlin,,Edlin,,,,,,,,,,,,Едлін,Deden
m_name.gwelts.191,Эдвин,Edwyn,,Edwyn,,,,,,,,,,,,Едвін,Dedi
m_name.gwelts.192,Эльдрик,Eldric,,Eldric,,,,,,,,,,,,Ельдрік,Dedi Iskandar
m_name.gwelts.193,Эльфред,Elfred,,Elfred,,,,,,,,,,,,Ельфред,Dedi Iswanto
m_name.gwelts.194,Элмер,Elmer,,Elmer,,,,,,,,,,,,Ельмер,Dedi Wahyuda
m_name.gwelts.195,Эофор,Eofor,,Eofor,,,,,,,,,,,,Еофор,Dedy Ari Anggara
m_name.gwelts.196,Эомер,Eomer,,Eomer,,,,,,,,,,,,Еомер,Dedy Nurdin
m_name.gwelts.197,Эсмунд,Esmund,,Esmund,,,,,,,,,,,,Езмунд,Dedy Prima
m_name.gwelts.198,Эйстейн,Eystein,,Eystein,,,,,,,,,,,,Ейштейн,Dendi Dwi Pujianto
m_name.gwelts.199,Фаран,Faran,,Faran,,,,,,,,,,,,Фаран,Deni
m_name.gwelts.200,Фаррелл,Farrell,,Farrell,,,,,,,,,,,,Фарелл,Deni Nurdiansyah
m_name.gwelts.201,Фенрис,Fenris,,Fenris,,,,,,,,,,,,Фенріс,Denis Irfiansyah
m_name.gwelts.202,Финньян,Finnian,,Finnian,,,,,,,,,,,,Фініан,Depri
m_name.gwelts.203,Фрэйзер,Frasier,,Frasier,,,,,,,,,,,,Фрейзер,Dermawan
m_name.gwelts.204,Гармунд,Garmund,,Garmund,,,,,,,,,,,,Ґармунд,Derry Wahyudi
m_name.gwelts.205,Гаррик,Garrick,,Garrick,,,,,,,,,,,,Ґарік,Dharma
m_name.gwelts.206,Герольд,Gerold,,Gerold,,,,,,,,,,,,Ґерольд,Dhimas
m_name.gwelts.207,Гиффард,Giffard,,Giffard,,,,,,,,,,,,Гіфард,Dian Esa Mahendra
m_name.gwelts.208,Гилберт,Gilbert,,Gilbert,,,,,,,,,,,,Гільберт,Didi
m_name.gwelts.209,Годфри,Godfrey,,Godfrey,,,,,,,,,,,,Ґодфрей,Didik
m_name.gwelts.210,Годрик,Godric,,Godric,,,,,,,,,,,,Годрік,Didik Irawan
m_name.gwelts.211,Госберт,Gosbert,,Gosbert,,,,,,,,,,,,Гозберт,Didik Winarko
m_name.gwelts.212,Госвин,Goswin,,Goswin,,,,,,,,,,,,Гозвін,Dika
m_name.gwelts.213,Грейнджер,Granger,,Granger,,,,,,,,,,,,Ґрейнджер,Diki Saputra
m_name.gwelts.214,Гриффит,Griffith,,Griffith,,,,,,,,,,,,Ґріффіт,Diko
m_name.gwelts.215,Гримболд,Grimbold,,Grimbold,,,,,,,,,,,,Грімбольд,Dimas
m_name.gwelts.216,Гриндан,Grindan,,Grindan,,,,,,,,,,,,Гріндан,Dimas Fajar Sunjaya
m_name.gwelts.217,Ганн,Gunne,,Gunne,,,,,,,,,,,,Гюнне,Dimas Prawito
m_name.gwelts.218,Гурт,Gurth,,Gurth,,,,,,,,,,,,Гюрт,Dimas Prima Asih
m_name.gwelts.219,Гатри,Guthrie,,Guthrie,,,,,,,,,,,,Гютрі,Doddy
m_name.gwelts.220,Хедвин,Hadwin,,Hadwin,,,,,,,,,,,,Ґадвін,Dodi
m_name.gwelts.221,Хальфдан,Halfdan,,Halfdan,,,,,,,,,,,,Ґалфдан,Dodi Setiawan
m_name.gwelts.222,Халиан,Halian,,Halian,,,,,,,,,,,,Галіан,Dodo
m_name.gwelts.223,Халфрид,Hallfrid,,Hallfrid,,,,,,,,,,,,Гальфрід,Doni
m_name.gwelts.224,Хальстейн,Halstein,,Halstein,,,,,,,,,,,,Гальштейн,Doni Nurdiansyah
m_name.gwelts.225,Хамелин,Hamelin,,Hamelin,,,,,,,,,,,,Гамлін,Donny
m_name.gwelts.226,Хамфаст,Hamfast,,Hamfast,,,,,,,,,,,,Гамфаст,"Dowi Setio Prayogi,S.M"
m_name.gwelts.227,Хамон,Hamon,,Hamon,,,,,,,,,,,,Ґамон,Duri Ario Jatmiko
m_name.gwelts.228,Хардвин,Hardwin,,Hardwin,,,,,,,,,,,,Гардвін,Duta
m_name.gwelts.229,Харланд,Harland,,Harland,,,,,,,,,,,,Гарланд,Dwi
m_name.gwelts.230,Харман,Harman,,Harman,,,,,,,,,,,,Гарманн,Dwi Ari Irawan
m_name.gwelts.231,Харсен,Harsen,,Harsen,,,,,,,,,,,,Гарсен,Dwi Irwanto
m_name.gwelts.232,Харвин,Harwin,,Harwin,,,,,,,,,,,,Гарвін,Dwi Yuli Hermanto
m_name.gwelts.233,Хавард,Havard,,Havard,,,,,,,,,,,,Гавард,Edi
m_name.gwelts.234,Хавилланд,Havilland,,Havilland,,,,,,,,,,,,Гавіланд,Edi Kurniawan
m_name.gwelts.235,Хэлфдэн,Healfdene,,Healfdene,,,,,,,,,,,,Гельфден,Edo Irawan
m_name.gwelts.236,Хитон,Heaton,,Heaton,,,,,,,,,,,,Гітон,Edy Susanto
m_name.gwelts.237,Хедли,Hedley,,Hedley,,,,,,,,,,,,Ґедлі,Eka
m_name.gwelts.238,Херик,Heiric,,Heiric,,,,,,,,,,,,Генрік,Eka Candra Ajisaputra
m_name.gwelts.239,Хелмар,Helmar,,Helmar,,,,,,,,,,,,Гельмар,Eka Dandi Saputra
m_name.gwelts.240,Хелмфрид,Helmfried,,Helmfried,,,,,,,,,,,,Гельмфрід,Eka Ngardianto
m_name.gwelts.241,Хендрик,Hendrick,,Hendrick,,,,,,,,,,,,Гендрік,Eko
m_name.gwelts.242,Хеннинг,Henning,,Henning,,,,,,,,,,,,Геннін,Eko Azes Saputro
m_name.gwelts.243,Хереман,Hereman,,Hereman,,,,,,,,,,,,Герман,Eko Ramadhani
m_name.gwelts.244,Херлейф,Herleif,,Herleif,,,,,,,,,,,,Герлейф,Eko Susilo
m_name.gwelts.245,Хэйвард,Heward,,Heward,,,,,,,,,,,,Гевард,Eko Wahyudi
m_name.gwelts.246,Хейвард,Heyward,,Heyward,,,,,,,,,,,,Гезвард,Elvan Hasbifillah Ibrahim
m_name.gwelts.247,Хьяльмар,Hjalmar,,Hjalmar,,,,,,,,,,,,Ґьялмар,Endang
m_name.gwelts.248,Хольгер,Holger,,Holger,,,,,,,,,,,,Гольґер,Era Ananta
m_name.gwelts.249,Хротгар,Hrothgar,,Hrothgar,,,,,,,,,,,,Ґротґар,Erwin
m_name.gwelts.250,Хульберт,Hulbert,,Hulbert,,,,,,,,,,,,Гульберт,Erwin Saputra
m_name.gwelts.251,Хульдрик,Huldrick,,Huldrick,,,,,,,,,,,,Гульдрік,Esa Cahya Kartika
m_name.gwelts.252,Хульмер,Hulmer,,Hulmer,,,,,,,,,,,,Гульмер,Fadli
m_name.gwelts.253,Хумберт,Humbert,,Humbert,,,,,,,,,,,,Гумберт,Fahmi Hidayat
m_name.gwelts.254,Херли,Hurley,,Hurley,,,,,,,,,,,,Ґурлі,Fahri A.Mingkala
m_name.gwelts.255,Ингберт,Ingbert,,Ingbert,,,,,,,,,,,,Інґберт,Fahrul
m_name.gwelts.256,Ингемар,Ingemar,,Ingemar,,,,,,,,,,,,Інґемар,Faisal
m_name.gwelts.257,Ингоальд,Ingoald,,Ingoald,,,,,,,,,,,,Інґольд,Fajar
m_name.gwelts.258,Ингвард,Ingvard,,Ingvard,,,,,,,,,,,,Інґвард,Fajar Dwi Atmiko
m_name.gwelts.259,Ира,Ira,,Ira,,,,,,,,,,,,Ір,Fajar Heru Kurniawan
m_name.gwelts.260,Исенбард,Isenbard,,Isenbard,,,,,,,,,,,,Ізенбард,Falanas Farhan Muhammad
m_name.gwelts.261,Ивор,Ivor,,Ivor,,,,,,,,,,,,Айвор,Fandi
m_name.gwelts.262,Ярлат,Jarlath,,Jarlath,,,,,,,,,,,,Ярлат,Farid
m_name.gwelts.263,Ярлаксль,Jarlaxle,,Jarlaxle,,,,,,,,,,,,Ярлакс,Fathum Mubin
m_name.gwelts.264,Ярон,Jaron,,Jaron,,,,,,,,,,,,Ярон,Fathur
m_name.gwelts.265,Джаксен,Jaxen,,Jaxen,,,,,,,,,,,,Яксен,Fatkhul Farid
m_name.gwelts.266,Джоселин,Jocelin,,Jocelin,,,,,,,,,,,,Джозелін,Fauzan
m_name.gwelts.267,Йоост,Joost,,Joost,,,,,,,,,,,,Юст,Fauzan Rifani
m_name.gwelts.268,Йорден,Jordyn,,Jordyn,,,,,,,,,,,,Йордін,Fauzi Candra
m_name.gwelts.269,Йорген,Jorgen,,Jorgen,,,,,,,,,,,,Йорґен,Febri
m_name.gwelts.270,Кэлан,Kaelan,,Kaelan,,,,,,,,,,,,Калан,Feri Anggriawan
m_name.gwelts.271,Карстен,Karsten,,Karsten,,,,,,,,,,,,Карстен,Ferry
m_name.gwelts.272,Келлан,Kellan,,Kellan,,,,,,,,,,,,Келлан,Ferry Maryadi
m_name.gwelts.273,Келтон,Kelton,,Kelton,,,,,,,,,,,,Кельтон,Fery Sandjani
m_name.gwelts.274,Кенрик,Kenric,,Kenric,,,,,,,,,,,,Кенрік,Figo Anggih Pratama
m_name.gwelts.275,Кермит,Kermit,,Kermit,,,,,,,,,,,,Керміт,Fikri
m_name.gwelts.276,Кестер,Kester,,Kester,,,,,,,,,,,,Кестер,Firman
m_name.gwelts.277,Клаас,Klaas,,Klaas,,,,,,,,,,,,Клаас,Frengki Sofwan
m_name.gwelts.278,Кнут,Knut,,Knut,,,,,,,,,,,,Кнут,Galang
m_name.gwelts.279,Коэнраад,Koenraad,,Koenraad,,,,,,,,,,,,Конраад,Galih
m_name.gwelts.280,Колбейн,Kolbein,,Kolbein,,,,,,,,,,,,Кольбейн,Ganda Himawan S
m_name.gwelts.281,Корт,Kort,,Kort,,,,,,,,,,,,Корт,Gani
m_name.gwelts.282,Кинан,Kynan,,Kynan,,,,,,,,,,,,Кінан,Getar Satria Kartikadaru
m_name.gwelts.283,Кинастон,Kynaston,,Kynaston,,,,,,,,,,,,Кінастон,Ghalih Revangga Arishandy
m_name.gwelts.284,Лэндон,Landon,,Landon,,,,,,,,,,,,Ландон,Ghulam Hidayatullah
m_name.gwelts.285,Кинастон,Kynaston,,Kynaston,,,,,,,,,,,,Кінастон,Gibran
m_name.gwelts.286,Лиам,Liam,,Liam,,,,,,,,,,,,Ліам,Gilang
m_name.gwelts.287,Кинастон,Kynaston,,Kynaston,,,,,,,,,,,,Кінестон,Ginanjar
m_name.gwelts.288,Кинастон,Kynaston,,Kynaston,,,,,,,,,,,,Кінстон,Gumilang
m_name.gwelts.289,Линус,Linus,,Linus,,,,,,,,,,,,Лінус,Gunawan
m_name.gwelts.290,Лоренц,Lorenz,,Lorenz,,,,,,,,,,,,Лоренц,Gunawan Sakti
m_name.gwelts.291,Лотар,Lothar,,Lothar,,,,,,,,,,,,Лотар,Guntur
m_name.gwelts.292,Малкольм,Malcolm,,Malcolm,,,,,,,,,,,,Малкольм,Gusman
m_name.gwelts.293,Марк,Mark,,Mark,,,,,,,,,,,,Марк,Habib
m_name.gwelts.294,Мартин,Martin,,Martin,,,,,,,,,,,,Мартін,Habib Ferly Silalahi
m_name.gwelts.295,Адамнан,Adamnan,,Adamnan,,,,,,,,,,,,Адам,Habil
m_name.gwelts.296,Марк,Martin,,Martin,,,,,,,,,,,,Мартін,Hadi
m_name.gwelts.297,Энис,Aennis,,Aennis,,,,,,,,,,,,Ейніс,Hadi Riyanto
m_name.gwelts.298,Айлан,Ailan,,Ailan,,,,,,,,,,,,Айлан,Hadi Sungkowo
m_name.gwelts.299,Айлан,Aillean,,Aillean,,,,,,,,,,,,Айліан,Hafiz
m_name.gwelts.300,Эйден,Aidan,,Aidan,,,,,,,,,,,,Айдан,Hafizh
m_name.gwelts.301,Эйден,Aiden,,Aiden,,,,,,,,,,,,Ейден,Hairil Adha
m_name.gwelts.302,Айлен,Ailen,,Ailen,,,,,,,,,,,,Ейлен,Hairul Padillah
m_name.gwelts.303,Айлилл,Ailill,,Ailill,,,,,,,,,,,,Ейліл,Hamdan
m_name.gwelts.304,Aindreas,Aindreas,,Aindreas,,,,,,,,,,,,Андреас,Hamkah
m_name.gwelts.305,Аирт,Airt,,Airt,,,,,,,,,,,,Ейрт,Hamzah
m_name.gwelts.306,Аиртин,Airtin,,Airtin,,,,,,,,,,,,Ейртін,Handoko
m_name.gwelts.307,Айфрик,Aifric,,Aifric,,,,,,,,,,,,Ейфрік,Hanif
m_name.gwelts.308,Аксель,Axel,,Axel,,,,,,,,,,,,Аксель,Hardi
m_name.gwelts.309,Алаймхин,Alaimhin,,Alaimhin,,,,,,,,,,,,Аламін,Hari
m_name.gwelts.310,Аланн,Alann,,Alann,,,,,,,,,,,,Алан,Hari Pratama
m_name.gwelts.311,Альбан,Alban,,Alban,,,,,,,,,,,,Альбан,Harianto
m_name.gwelts.312,Альбен,Alben,,Alben,,,,,,,,,,,,Альбен,Hartono
m_name.gwelts.313,Элвин,Alvin,,Alvin,,,,,,,,,,,,Алвін,Harun
m_name.gwelts.314,Аллард,Allard,,Allard,,,,,,,,,,,,Алард,Haryanto
m_name.gwelts.315,Альфи,Alfie,,Alfie,,,,,,,,,,,,Альфі,Hasan
m_name.gwelts.316,Амброз,Ambrose,,Ambrose,,,,,,,,,,,,Емброуз,Hedi Irawan
m_name.gwelts.317,Ангус,Angus,,Angus,,,,,,,,,,,,Анґус,Heldi Gunawan
m_name.gwelts.318,Андрас,Andras,,Andras,,,,,,,,,,,,Андраш,Hendra
m_name.gwelts.319,Анель,Anel,,Enel,,,,,,,,,,,,Анель,Hendra Masdianto
m_name.gwelts.320,Анис,Anis,,Anis,,,,,,,,,,,,Аніс,Hendra Saputra
m_name.gwelts.321,Антайн,Antaine,,Antaine,,,,,,,,,,,,Антейн,Hendri
m_name.gwelts.322,Аодхан,Aodhan,,Aodhan,,,,,,,,,,,,Одґан,Hendri Yogo Hartanto
m_name.gwelts.323,Аодхан,Aodhan,,Aodhan,,,,,,,,,,,,Одґан,Hendriansyah
m_name.gwelts.324,Аоран,Aoran,,Aoran,,,,,,,,,,,,Оран,Hendro
m_name.gwelts.325,Ардалл,Ardall,,Ardall,,,,,,,,,,,,Ардалл,Hengky
m_name.gwelts.326,Аргайл,Argyle,,Argyle,,,,,,,,,,,,Арґайл,Hengky Aries Ismunandar
m_name.gwelts.327,Арден,Arden,,Arden,,,,,,,,,,,,Арден,Heppy Julneo
m_name.gwelts.328,Арно,Arnaud,,Arnaud,,,,,,,,,,,,Арнод,Heri
m_name.gwelts.329,Арнольд,Arnold,,Arnold,,,,,,,,,,,,Арнольд,Heriadi
m_name.gwelts.330,Артан,Artan,,Artan,,,,,,,,,,,,Артен,Herlambang
m_name.gwelts.331,Артэр,Artair,,Artair,,,,,,,,,,,,Артейр,Heru
m_name.gwelts.332,Артур,Artur,,Artur,,,,,,,,,,,,Артур,Heru Marsaid
m_name.gwelts.333,Арти,Artie,,Artie,,,,,,,,,,,,Арті,Heru Susanto
m_name.gwelts.334,Артан,Artan,,Artan,,,,,,,,,,,,Артан,Hery
m_name.gwelts.335,Арвид,Arvid,,Arvid,,,,,,,,,,,,Арвід,Hery Anggaliani
m_name.gwelts.336,Атаир,Athair,,Athair,,,,,,,,,,,,Атейр,Hidayat
m_name.gwelts.337,Атол,Athol,,Athol,,,,,,,,,,,,Атоль,Hidayatullah
m_name.gwelts.338,Аттракта,Attracta,,Attracta,,,,,,,,,,,,Атракта,Hindro Riyanto
m_name.gwelts.339,Аулей,Aulay,,Aulay,,,,,,,,,,,,Олей,Hirnansyah
m_name.gwelts.340,Бэрд,Baird,,Baird,,,,,,,,,,,,Бейрд,Hutama
m_name.gwelts.341,Барра,Barra,,Bartan,,,,,,,,,,,,Баррат,Ibra
m_name.gwelts.342,Биган,Beagan,,Beagan,,,,,,,,,,,,Беґан,Ifnu Mulkan
m_name.gwelts.343,Беатан,Beathan,,Beathan,,,,,,,,,,,,Бетан,Ikhsan
m_name.gwelts.344,Бейрхарт,Beircheart,,Beircheart,,,,,,,,,,,,Біркарт,Ikhwan
m_name.gwelts.345,Беннейт,Benneit,,Benneit,,,,,,,,,,,,Беннет,Ikhwan Ananda
m_name.gwelts.346,Беннт,Bennt,,Bennt,,,,,,,,,,,,Бент,Iksan Febrianto
m_name.gwelts.347,Берах,Berach,,Berach,,,,,,,,,,,,Берак,Ilham
m_name.gwelts.348,Берахан,Berachan,,Berachán,,,,,,,,,,,,Беракан,Ilham Fajar
m_name.gwelts.349,Бертран,Bertrand,,Bertrand,,,,,,,,,,,,Бертранд,Imam
m_name.gwelts.350,Блен,Blain,,Blain,,,,,,,,,,,,Бленн,Imam Asari
m_name.gwelts.351,Блен,Blaine,,Blaine,,,,,,,,,,,,Блейн,Imam Nur Soleh
m_name.gwelts.352,Боэций,Boetius,,Boetius,,,,,,,,,,,,Ботіус,Imron
m_name.gwelts.353,Бранаган,Branagan,,Branagan,,,,,,,,,,,,Бранґан,Imron Anggit Supriadi
m_name.gwelts.354,Браниг,Branig,,Branig,,,,,,,,,,,,Браніґ,Indi Fajar Iqsandra
m_name.gwelts.355,Бреандан,Breandan,,Breandan,,,,,,,,,,,,Брендан,Indra
m_name.gwelts.356,Бреккан,Breccan,,Breccán,,,,,,,,,,,,Бреккан,Indra Morgana Ridwan
m_name.gwelts.357,Брессал,Bressal,,Bressal,,,,,,,,,,,,Брессаль,Indra Saksono
m_name.gwelts.358,Бриак,Briac,,Briac,,,,,,,,,,,,Бріак,Iqbal
m_name.gwelts.359,Бриайн,Briain,,Briain,,,,,,,,,,,,Брайен,Irawan
m_name.gwelts.360,Брошан,Brochan,,Brochan,,,,,,,,,,,,Брокан,Irfan
m_name.gwelts.361,Броди,Brody,,Brody,,,,,,,,,,,,Броді,Irfan Arrovikhi
m_name.gwelts.362,Броган,Brogan,,Brogan,,,,,,,,,,,,Броґан,Irfan Susanto
m_name.gwelts.363,Брон,Bron,,Bron,,,,,,,,,,,,Брон,Irsyad
m_name.gwelts.364,Бриан,Bryan,,Bryan,,,,,,,,,,,,Брайан,Isdianto
m_name.gwelts.365,Бриан,Cairbre,,Cairbre,,,,,,,,,,,,Каірб,Iskak
m_name.gwelts.366,Бриан,Brody,,Brody,,,,,,,,,,,,Брогі,Ismail Ilyas
m_name.gwelts.367,Кахир,Cahir,,Cahir,,,,,,,,,,,,Кахір,Isnan
m_name.gwelts.368,Кэрн,Cairn,,Cairn,,,,,,,,,,,,Каірн,Ivan
m_name.gwelts.369,Кайсайд,Caiside,,Caiside,,,,,,,,,,,,Кесед,Iwan
m_name.gwelts.370,Калхаун,Calhoun,,Calhoun,,,,,,,,,,,,Калгун,Iwan Sandiyanto
m_name.gwelts.371,Каллан,Callan,,Callan,,,,,,,,,,,,Каллан,Izhar
m_name.gwelts.372,Каллум,Callum,,Callum,,,,,,,,,,,,Каллум,Jadit
m_name.gwelts.373,Камерон,Cameron,,Cameron,,,,,,,,,,,,Кемерон,Jainal Arifin
m_name.gwelts.374,Камиллус,Camillus,,Camillus,,,,,,,,,,,,Каміллус,Jajang
m_name.gwelts.375,Камиллус,Caoilainn,,Caoilainn,,,,,,,,,,,,Койлейн,Jaka
m_name.gwelts.376,Камиллус,Caoilainn,,Caoilainn,,,,,,,,,,,,Койленн,Jali
m_name.gwelts.377,Каоимхин,Callum,,Callum,,,,,,,,,,,,Каллум,Jamal
m_name.gwelts.378,Кэрн,Cairn,,Cairn,,,,,,,,,,,,Каірн,Jamaludin
m_name.gwelts.379,Кэрн,Cairn,,Cairn,,,,,,,,,,,,Каірн,Jamil
m_name.gwelts.380,Каоилте,Caoilte,,Caoilte,,,,,,,,,,,,Колт,Jatmiko
m_name.gwelts.381,Карадок,Caradoc,,Caradoc,,,,,,,,,,,,Карад,Jefri
m_name.gwelts.382,Карни,Carney,,Carney,,,,,,,,,,,,Карні,Jenny Saputra
m_name.gwelts.383,Карни,Carraig,,Carraig,,,,,,,,,,,,Каррейґ,Jeyhan Nada Ramadhan
m_name.gwelts.384,Карни,Cathal,,Cathal,,,,,,,,,,,,Катал,Jhonson Parlindungan Panggabean
m_name.gwelts.385,Карни,Cathal,,Cathal,,,,,,,,,,,,Каттал,Jodi
m_name.gwelts.386,Кэрн,Cairn,,Cairn,,,,,,,,,,,,Каірн,Johan
m_name.gwelts.387,Сернах,Cearnach,,Cearnach,,,,,,,,,,,,Кернак,Joko
m_name.gwelts.388,Цейтин,Ceithin,,Ceithin,,,,,,,,,,,,Кейтін,Joko Suseno
m_name.gwelts.389,Кэрн,Cairn,,Cairn,,,,,,,,,,,,Каірн,Joni
m_name.gwelts.390,Циан,Cian,,Cian,,,,,,,,,,,,Сайан,Joni Setyawan
m_name.gwelts.391,Киаран,Ciaran,,Ciaran,,,,,,,,,,,,Кіран,Joniyadi Ihsan
m_name.gwelts.392,Киллиан,Cillian,,Cillian,,,,,,,,,,,,Кілліан,Julian
m_name.gwelts.393,Киллиан,Cillian,,Cillian,,,,,,,,,,,,Кіліан,Julianto
m_name.gwelts.394,Клейборн,Claiborne,,Claiborne,,,,,,,,,,,,Клейборн,Juliyanto
m_name.gwelts.395,Клэнси,Clancy,,Clancy,,,,,,,,,,,,Кленсі,Jumadan
m_name.gwelts.396,Клири,Cleary,,Cleary,,,,,,,,,,,,Клейрі,Jumarno
m_name.gwelts.397,Кледвин,Cledwyn,,Cledwyn,,,,,,,,,,,,Кледвін,Juna
m_name.gwelts.398,Клем,Cleme,,Cleme,,,,,,,,,,,,Клем,Junaedi
m_name.gwelts.399,Клеон,Cleon,,Cleon,,,,,,,,,,,,Клеон,Junai Ady Kurniawan
m_name.gwelts.400,Клодаг,Clodagh,,Clodagh,,,,,,,,,,,,Клодаґ,Juni Handiko
m_name.gwelts.401,Клодаг,Clodagh,,Clodagh,,,,,,,,,,,,Клодаґ,Junianto
m_name.gwelts.402,Клодовей,Clodoveus,,Clodoveus,,,,,,,,,,,,Клодовеус,Jupri
m_name.gwelts.403,Клонмор,Clonmore,,Clonmore,,,,,,,,,,,,Клонмор,Kadir
m_name.gwelts.404,Клодаг,Clodagh,,Clodagh,,,,,,,,,,,,Клодаґ,Kamal
m_name.gwelts.405,Кобхтах,Cogadh,,Cogadh,,,,,,,,,,,,Коґад,Kamaludin
m_name.gwelts.406,Колла,Colla,,Colla,,,,,,,,,,,,Колла,Karibul Mujib
m_name.gwelts.407,Коллум,Collum,,Collum,,,,,,,,,,,,Коллум,Karna
m_name.gwelts.408,Коман,Coman,,Coman,,,,,,,,,,,,Комен,Karta
m_name.gwelts.409,Комгалл,Comgall,,Comgall,,,,,,,,,,,,Комґаль,Kasran
m_name.gwelts.410,Конайр,Conaire,,Conaire,,,,,,,,,,,,Конейр,Kelvin Diky Setiawan
m_name.gwelts.411,Коналл,Conall,,Conall,,,,,,,,,,,,Конал,Kemal
m_name.gwelts.412,Конан,Conan,,Conan,,,,,,,,,,,,Конанн,Khabib Abdul Mujib
m_name.gwelts.413,Конан,Conan,,Conan,,,,,,,,,,,,Коннан,Khairil Anwar
m_name.gwelts.414,Конн,Conn,,Conn,,,,,,,,,,,,Конн,Khairudin
m_name.gwelts.415,Коннер,Conner,,Conner,,,,,,,,,,,,Коннер,Kholid
m_name.gwelts.416,Клодаг,Clodagh,,Clodagh,,,,,,,,,,,,Клодаґ,Kiki
m_name.gwelts.417,Коннолли,Connolly,,Connolly,,,,,,,,,,,,Коноллі,Kilfin Haditya Pratama
m_name.gwelts.418,Конор,Conor,,Conor,,,,,,,,,,,,Коннор,Koko
m_name.gwelts.419,Конрой,Conroy,,Conroy,,,,,,,,,,,,Конрой,Kosasih
m_name.gwelts.420,Консалус,Consalus,,Consalus,,,,,,,,,,,,Конзалус,Kosim
m_name.gwelts.421,Конвери,Convery,,Convery,,,,,,,,,,,,Конвері,Krisna
m_name.gwelts.422,Кули,Cooley,,Cooley,,,,,,,,,,,,Кулі,Kristanto
m_name.gwelts.423,Кормак,Cormac,,Cormac,,,,,,,,,,,,Кормак,Kusnadi
m_name.gwelts.424,Корриган,Corrigan,,Corrigan,,,,,,,,,,,,Корріґан,Kusworo
m_name.gwelts.425,Корриган,Corrigan,,Corrigan,,,,,,,,,,,,Корріган,Laili Mahmudi
m_name.gwelts.426,Кори,Cory,,Cory,,,,,,,,,,,,Корі,Latif
m_name.gwelts.427,Крей,Craigh,,Craigh,,,,,,,,,,,,Крейг,Leo
m_name.gwelts.428,Крей,Craigh,,Craigh,,,,,,,,,,,,Крег,Lukman
m_name.gwelts.429,Креван,Crevan,,Crevan,,,,,,,,,,,,Кріван,Lutfi
m_name.gwelts.430,Криспин,Crispin,,Crispin,,,,,,,,,,,,Кріспін,Lutfi Mufid
m_name.gwelts.431,Криспин,Crispin,,Crispin,,,,,,,,,,,,Крістін,M Fernanda Ramadhani Indarto
m_name.gwelts.432,Кулейн,Culain,,Colain,,,,,,,,,,,,Кулейн,M Sulaiman Fadli
m_name.gwelts.433,Куллен,Cullen,,Cullen,,,,,,,,,,,,Кулен,M. Abdul Kohar
m_name.gwelts.434,Куллинан,Cullinan,,Cullinan,,,,,,,,,,,,Кулінан,M. Eriansyah
m_name.gwelts.435,Кумхеа,Cumhea,,Comhea,,,,,,,,,,,,Камхе,M. Rifany
m_name.gwelts.436,Катберт,Cuthbert,,Cuthbert,,,,,,,,,,,,Катберт,M. Ruli Pranixo
m_name.gwelts.437,Катберт,Cuthbert,,Cuthbert,,,,,,,,,,,,Катберт,M. Vascal Arifin
m_name.gwelts.438,Синбел,Cynbel,,Cynbel,,,,,,,,,,,,Сінбел,Mahesa
m_name.gwelts.439,Синбелд,Cynebald,,Cynebald,,,,,,,,,,,,Сінебальд,Mahmud
m_name.gwelts.440,Синевард,Cyneweard,,Cyneweard,,,,,,,,,,,,Сайнверд,Maman
m_name.gwelts.441,Синрик,Cynric,,Cynric,,,,,,,,,,,,Сінрік,Manan
m_name.gwelts.442,Сирано,Cyrano,,Cyrano,,,,,,,,,,,,Сірано,Mansyur
m_name.gwelts.443,Систеннин,Cystennin,,Cystennin,,,,,,,,,,,,Сіштен,Margiyanto
m_name.gwelts.444,Бартолемос,Aed,,Aed,,,,,,,,,,,,Ейд,Mariyo Fathanuddin
m_name.gwelts.445,Бартоломос,Ailbe,,Ailbe,,,,,,,,,,,,Ельбе,Marwan
m_name.gwelts.446,Бенедикт,Aodh,,Aodh,,,,,,,,,,,,Одеґ,Masrukin
m_name.gwelts.447,Берингар,Aodhan,,Aodhan,,,,,,,,,,,,Одґан,Maulana
m_name.gwelts.448,Бернд,Ardal,,Ardal,,,,,,,,,,,,Ардал,Miadi
m_name.gwelts.449,Берн,Art,,Art,,,,,,,,,,,,Арт,Mikko Firmansyah
m_name.gwelts.450,Бернхард,Barra,,Bartan,,,,,,,,,,,,Барра,Misrani
m_name.gwelts.451,Бертолд,Bevan,,Bevan,,,,,,,,,,,,Беван,Misserang
m_name.gwelts.452,Берхард,Bran,,Bran,,,,,,,,,,,,Бран,Moch. Fahrul Ichanudin
m_name.gwelts.453,Болдер,Caolan,,Caolan,,,,,,,,,,,,Каолан,Moch. Yudhi Harsono
m_name.gwelts.454,Бруно,Cian,,Cian,,,,,,,,,,,,Сайан,Mochamad Madjid Koesoema Direja
m_name.gwelts.455,Брунс,Ciaran,,Ciaran,,,,,,,,,,,,Кіран,Moh Didik Alinudin
m_name.gwelts.456,Варин,Cillian,,Cillian,,,,,,,,,,,,Кілліан,Moh Solehan
m_name.gwelts.457,Вендэль,Colm,,Colm,,,,,,,,,,,,Кольм,Moh. Rusnadi
m_name.gwelts.458,Вензэль,Conall,,Conall,,,,,,,,,,,,Конал,Mohamad Arifin
m_name.gwelts.459,Вернер,Conleth,,Conleth,,,,,,,,,,,,Конлет,Mohamad Lukman H K
m_name.gwelts.460,Вертэр,Cormac,,Cormac,,,,,,,,,,,,Кормак,Mohammad Andri
m_name.gwelts.461,Виг,Cuan,,Cuan,,,,,,,,,,,,Куан,Muchlis
m_name.gwelts.462,Виланд,Daire,,Daire,,,,,,,,,,,,Дейре,Muh Ichsan
m_name.gwelts.463,Вилберт,Dara,,Dara,,,,,,,,,,,,Дарра,Muhamad Nur Fauzi
m_name.gwelts.464,Виллафрид,Darragh,,Darragh,,,,,,,,,,,,Дараґ,Muhammad Adam Arabiah
m_name.gwelts.465,Вилли,Declan,,Declan,,,,,,,,,,,,Декланн,Muhammad Ali Hasanuddin
m_name.gwelts.466,Вилфрид,Diarmuid,,Diarmuid,,,,,,,,,,,,Дойрмуд,Muhammad Daviq Adyan Jiddan
m_name.gwelts.467,Вилфрит,Donal,,Donal,,,,,,,,,,,,Донал,Muhammad Faridz Alfarizi
m_name.gwelts.468,Вилхелм,Donn,,Donn,,,,,,,,,,,,Донн,Muhammad Irfan Ripaldi
m_name.gwelts.469,Вим,Doire,,Doire,,,,,,,,,,,,Дойре,Muhammad Noor
m_name.gwelts.470,Вим,Doire,,Doire,,,,,,,,,,,,Дайре,Muhammad Nur Hamam
m_name.gwelts.471,Винфрид,Eanna,,Eanna,,,,,,,,,,,,Еан,Muhammad Nurcahyono
m_name.gwelts.472,Витолд,Eoghan,,Eoghan,,,,,,,,,,,,Оґан,Muhammad Nurcholili
m_name.gwelts.473,Воинот,Eoin,,Eoin,,,,,,,,,,,,Ойн,Muhammad Ridho Ansari
m_name.gwelts.474,Волдемар,Faelan,,Faelan,,,,,,,,,,,,Філан,Muhammad Rizkan
m_name.gwelts.475,Волдо,Faolan,,Faolan,,,,,,,,,,,,Фолан,Muhammad Rokim
m_name.gwelts.476,Волдхар,Fear,,Fear,,,,,,,,,,,,Фейр,Muhammad Sapriansyah
m_name.gwelts.477,Аед,Aed,,Aed,,,,,,,,,,,,Ейд,Muhammad Shofiyyudin
m_name.gwelts.478,Эйльбе,Ailbe,,Ailbe,,,,,,,,,,,,Елбе,Muhammad Syahrizal
m_name.gwelts.479,Алаоис,Alaois,,Alaois,,,,,,,,,,,,Алоіс,Muhammad Toyib
m_name.gwelts.480,Аодх,Aodh,,Aodh,,,,,,,,,,,,Одеґ,Muhammad Yusuf
m_name.gwelts.481,Аодхан,Aodhan,,Aodhan,,,,,,,,,,,,Одґан,Muhammad Zulva
m_name.gwelts.482,Ардал,Ardal,,Ardal,,,,,,,,,,,,Ардел,Muji Priyono
m_name.gwelts.483,Арт,Art,,Art,,,,,,,,,,,,Арат,Mukhlis
m_name.gwelts.484,Барра,Barra,,Bartan,,,,,,,,,,,,Барра,Mukti
m_name.gwelts.485,Беван,Bevan,,Bevan,,,,,,,,,,,,Беванн,Muliadi
m_name.gwelts.486,Бран,Bran,,Bran,,,,,,,,,,,,Браан,Mulyadi
m_name.gwelts.487,Каолан,Caolan,,Caolan,,,,,,,,,,,,Каолан,Mulyono
m_name.gwelts.488,Каррайг,Carraig,,Carraig,,,,,,,,,,,,Каррейґ,Muslim
m_name.gwelts.489,Бран,Bran,,Bran,,,,,,,,,,,,Брен,Musliyadi
m_name.gwelts.490,Киаран,Ciaran,,Ciaran,,,,,,,,,,,,Кіран,Mustofa
m_name.gwelts.491,Киллиан,Cillian,,Cillian,,,,,,,,,,,,Кілліан,Nabil
m_name.gwelts.492,Кнаф,Cnaf,,Cnaf,,,,,,,,,,,,Кнаф,Naim Fanani
m_name.gwelts.493,Койлан,Coilean,,Coilean,,,,,,,,,,,,Койлен,Nana
m_name.gwelts.494,Колм,Colm,,Colm,,,,,,,,,,,,Кольм,Nanang Purwaka
m_name.gwelts.495,Коналл,Conall,,Conall,,,,,,,,,,,,Конал,Nanang Setiawan
m_name.gwelts.496,Конан,Conan,,Conan,,,,,,,,,,,,Конанн,Nanda
m_name.gwelts.497,Конхобхар,Conchobhar,,Conchobhar,,,,,,,,,,,,Конхобар,Nano
m_name.gwelts.498,Конн,Conn,,Conn,,,,,,,,,,,,Конн,Nardi
m_name.gwelts.499,Кормак,Cormac,,Cormac,,,,,,,,,,,,Кормак,Nashir
m_name.gwelts.500,Кримтанн,Crimthann,,Crimthann,,,,,,,,,,,,Крімтан,Nasrul
m_name.gwelts.501,Куинн,Cuinn,,Cuinn,,,,,,,,,,,,Квін,Naufal
m_name.gwelts.502,Дайти,Daithi,,Daithi,,,,,,,,,,,,Дайті,Nedhi Kuswanto
m_name.gwelts.503,Дайре,Daire,,Daire,,,,,,,,,,,,Дайре,Nelson Sirenden
m_name.gwelts.504,Дарраг,Darragh,,Darragh,,,,,,,,,,,,Дарраґ,Nico
m_name.gwelts.505,Деклан,Declan,,Declan,,,,,,,,,,,,Деклан,Noormansyah
m_name.gwelts.506,Деогол,Deogol,,Deogol,,,,,,,,,,,,Деґол,Norhansyah
m_name.gwelts.507,Диармуид,Diarmuid,,Diarmuid,,,,,,,,,,,,Дайрмуд,Noval
m_name.gwelts.508,Донн,Donn,,Donn,,,,,,,,,,,,Дон,Novian
m_name.gwelts.509,Доннчад,Donnchadh,,Donnchadh,,,,,,,,,,,,Дончад,Nugie Apriliansyah
m_name.gwelts.510,Донал,Donal,,Donal,,,,,,,,,,,,Доннал,Nur
m_name.gwelts.511,Дугалл,Dughall,,Dughall,,,,,,,,,,,,Дуґал,Nur Faizin
m_name.gwelts.512,Имон,Eamon,,Eamon,,,,,,,,,,,,Еймон,Nur Salim
m_name.gwelts.513,Эанна,Eanna,,Eanna,,,,,,,,,,,,Еанн,Nurdiansyah
m_name.gwelts.514,Эоган,Eoghan,,Eoghan,,,,,,,,,,,,Оґан,Nurdin
m_name.gwelts.515,Эоин,Eoin,,Eoin,,,,,,,,,,,,Ойн,Nurhadi
m_name.gwelts.516,Эрнан,Ernan,,Ernan,,,,,,,,,,,,Ернан,Okky Galuh Sujito
m_name.gwelts.517,Фахтна,Fachtna,,Fachtna,,,,,,,,,,,,Фахта,Oksireffinaldy
m_name.gwelts.518,Фаолан,Faolan,,Faolan,,,,,,,,,,,,Фолан,Opan
m_name.gwelts.519,Фергус,Fergus,,Fergus,,,,,,,,,,,,Фергус,Ozi
m_name.gwelts.520,Фиакр,Fiacre,,Fiacre,,,,,,,,,,,,Фіакр,Pahrul
m_name.gwelts.521,Финтан,Fintan,,Fintan,,,,,,,,,,,,Фінтан,Paisal
m_name.gwelts.522,Финн,Finn,,Finn,,,,,,,,,,,,Фінн,Pakar Juliansyah
m_name.gwelts.523,Фиакр,Fiachra,,Fiachra,,,,,,,,,,,,Файкра,Pandji
m_name.gwelts.524,Фланн,Flann,,Flann,,,,,,,,,,,,Фланн,Pandu
m_name.gwelts.525,Гартан,Gartan,,Gartan,,,,,,,,,,,,Ґартан,Panji
m_name.gwelts.526,Героид,Gearoid,,Gearoid,,,,,,,,,,,,Ґеаройд,Parman
m_name.gwelts.527,Гобан,Goban,,Goban,,,,,,,,,,,,Ґобан,Parto
m_name.gwelts.528,Гормлайт,Gormlaith,,Gormlaith,,,,,,,,,,,,Ґормлет,Paulus
m_name.gwelts.529,Ириал,Irial,,Irial,,,,,,,,,,,,Іріал,Permadi
m_name.gwelts.530,Кормак,Cormac,,Cormac,,,,,,,,,,,,Кормак,Petrus Ponco Sungkowo
m_name.gwelts.531,Килан,Keelan,,Keelan,,,,,,,,,,,,Кілан,Prabowo Suprapto
m_name.gwelts.532,Киран,Kieran,,Kieran,,,,,,,,,,,,Кіеран,Prabu
m_name.gwelts.533,Киллиан,Killian,,Killian,,,,,,,,,,,,Кілліен,Pradana
m_name.gwelts.534,Килан,Labhrainn,,Labhrainn,,,,,,,,,,,,Лабрейн,Pramono
m_name.gwelts.535,Лахтна,Lachtna,,Lachtna,,,,,,,,,,,,Лахта,Pranoto
m_name.gwelts.536,Лаосеах,Laoiseach,,Laoiseach,,,,,,,,,,,,Лойчех,Prasetia
m_name.gwelts.537,Лоркан,Lorcan,,Lorcan,,,,,,,,,,,,Лоркан,Prasetiyo
m_name.gwelts.538,Луг,Lugh,,Lugh,,,,,,,,,,,,Х'ю,Prasetyo
m_name.gwelts.539,Маэл,Mael,,Mael,,,,,,,,,,,,Мейл,Puput Dwi Cahyo
m_name.gwelts.540,Малахия,Malachy,,Malachy,,,,,,,,,,,,Малак,Purnama
m_name.gwelts.541,Мананнан,Manannan,,Manannan,,,,,,,,,,,,Меннен,Purnomo
m_name.gwelts.542,Маркас,Marcas,,Marcas,,,,,,,,,,,,Маркас,Purwadi
m_name.gwelts.543,Мел,Mel,,Mel,,,,,,,,,,,,Мел,Purwanto
m_name.gwelts.544,Мохта,Mochta,,Mochta,,,,,,,,,,,,Мокта,Purwoko
m_name.gwelts.545,Мойрин,Moirin,,Moirin,,,,,,,,,,,,Мойрін,Putra
m_name.gwelts.546,Мойрин,Moirin,,Moirin,,,,,,,,,,,,Мойрін,Raden
m_name.gwelts.547,Ойсин,Oisin,,Oisin,,,,,,,,,,,,Ойзін,Radig Guntur Hadiwardoyo
m_name.gwelts.548,Наоиз,Naoise,,Naoise,,,,,,,,,,,,Нойсе,Radit
m_name.gwelts.549,Ниалл,Niall,,Niall,,,,,,,,,,,,Ньяль,Raditya
m_name.gwelts.550,Одхран,Odhran,,Odhran,,,,,,,,,,,,Одґран,Raditya Ardimas.M
m_name.gwelts.551,Ойсин,Oisin,,Oisin,,,,,,,,,,,,Ойзін,Raffi
m_name.gwelts.552,Ойсин,Oisin,,Oisin,,,,,,,,,,,,Ойзін,Rafi
m_name.gwelts.553,Ойсин,Oisin,,Oisin,,,,,,,,,,,,Ойзін,Ragil Panca Yoga
m_name.gwelts.554,Риордан,Riordan,,Riordan,,,,,,,,,,,,Ріордан,Rahadian
m_name.gwelts.555,Ристард,Risteard,,Risteard,,,,,,,,,,,,Рістерд,Raharja
m_name.gwelts.556,Ронан,Ronan,,Ronan,,,,,,,,,,,,Ронан,Raharjo
m_name.gwelts.557,Руараид,Ruaraidh,,Ruaraidh,,,,,,,,,,,,Рурі,Rahmad
m_name.gwelts.558,Руарк,Ruarc,,Ruarc,,,,,,,,,,,,Руарк,Rahmadani Solihin
m_name.gwelts.559,Руаидри,Ruaidhri,,Ruaidhri,,,,,,,,,,,,Рудрі,Rahmadi
m_name.gwelts.560,Руайри,Ruairi,,Ruairi,,,,,,,,,,,,Руйрі,Rahman
m_name.gwelts.561,Шон,Sean,,Sean,,,,,,,,,,,,Шон,Rahmat
m_name.gwelts.562,Шеймус,Seamus,,Seamus,,,,,,,,,,,,Сімус,Raka
m_name.gwelts.563,Седна,Sedna,,Sedna,,,,,,,,,,,,Седна,Rakhmat
m_name.gwelts.564,Сенан,Senan,,Senan,,,,,,,,,,,,Сенанн,Raksa
m_name.gwelts.565,Сенан,Senan,,Senan,,,,,,,,,,,,Сенанн,Rama
m_name.gwelts.566,Руарк,Ruarc,,Ruarc,,,,,,,,,,,,Руарк,Ramadhan
m_name.gwelts.567,Руарк,Ruarc,,Ruarc,,,,,,,,,,,,Руарк,Ramli
m_name.gwelts.568,Руарк,Ruarc,,Ruarc,,,,,,,,,,,,Руарк,Ramli Ramadani
m_name.gwelts.569,Тадхг,Tadhg,,Tadhg,,,,,,,,,,,,Тадеґ,Randy
m_name.gwelts.570,Таран,Taran,,Taran,,,,,,,,,,,,Таран,Rantung
m_name.gwelts.571,Тойрдельбах,Toirdelbach,,Toirdelbach,,,,,,,,,,,,Тордельбах,Rasya
m_name.gwelts.572,Турлаф,Turlough,,Turlough,,,,,,,,,,,,Турлоу,Rasyid
m_name.gwelts.573,Уилльям,Uilliam,,Uilliam,,,,,,,,,,,,Уліам,Rauf
m_name.gwelts.574,Ултан,Ultan,,Ultan,,,,,,,,,,,,Ультан,Renal
m_name.gwelts.575,Ольхе,Uaithne,,Uaithne,,,,,,,,,,,,Утне,Rendi Efendi
m_name.gwelts.576,Феаргус,Fearghus,,Fearghus,,,,,,,,,,,,Феаргус,Rendy
m_name.gwelts.577,Фионн,Fionn,,Fionn,,,,,,,,,,,,Фйонн,Restu
m_name.gwelts.578,Фраох,Fraoch,,Fraoch,,,,,,,,,,,,Фрох,Restu Yudha Bagaskara
m_name.gwelts.579,Гаван,Gavan,,Gavan,,,,,,,,,,,,Ґаван,Reza Abi Mubaroq
m_name.gwelts.580,Грейд,Graid,,Graid,,,,,,,,,,,,Ґрейд,Reza Riawan
m_name.gwelts.581,Иоллан,Iollan,,Iollan,,,,,,,,,,,,Йоланн,Rian
m_name.gwelts.582,Ломан,Loman,,Loman,,,,,,,,,,,,Ломан,Rian Rahman
m_name.gwelts.583,Лоркан,Lorcan,,Lorcan,,,,,,,,,,,,Лоркан,Ricky Rivandy
m_name.gwelts.584,Майнчин,Mainchin,,Mainchin,,,,,,,,,,,,Мейнкін,Ridho
m_name.gwelts.585,Ниалл,Niall,,Niall,,,,,,,,,,,,Ньяль,Ridwan
m_name.gwelts.586,Од,Od,,Od,,,,,,,,,,,,Од,Rifky
m_name.gwelts.587,Фергал,Fergal,,Fergal,,,,,,,,,,,,Ферґал,Rikcart Dinatha Harpen Purba
m_name.gwelts.588,Фергус,Fergus,,Fergus,,,,,,,,,,,,Фергус,Riki
m_name.gwelts.589,Финбар,Finbar,,Finbar,,,,,,,,,,,,Фінбар,Riko
m_name.gwelts.590,Фионн,Fionn,,Fionn,,,,,,,,,,,,Фйонн,Riko Ferdiyantono
m_name.gwelts.591,Фиакра,Fiachra,,Fiachra,,,,,,,,,,,,Файкра,Ripan Aulia Pahri
m_name.gwelts.592,Фланн,Flann,,Flann,,,,,,,,,,,,Фланн,Riski
m_name.gwelts.593,Гарбх,Garbh,,Garbh,,,,,,,,,,,,Ґарб,Riski Saifudin
m_name.gwelts.594,Гаван,Gavan,,Gavan,,,,,,,,,,,,Ґаванн,Riskie Rahmadhani Setiansyah
m_name.gwelts.595,Героид,Gearoid,,Gearoid,,,,,,,,,,,,Ґеройд,Riyan
m_name.gwelts.596,Горм,Gorm,,Gorm,,,,,,,,,,,,Ґорм,Rizal
m_name.gwelts.597,Иарлайт,Iarlaith,,Iarlaith,,,,,,,,,,,,Ярлейт,Rizal Rachmat Hadi Tristanto
m_name.gwelts.598,Иоллан,Iollan,,Iollan,,,,,,,,,,,,Йоланн,Rizal Said Pamuji
m_name.gwelts.599,Ивор,Ivor,,Ivor,,,,,,,,,,,,Айвар,Rizal Yusuf
m_name.gwelts.600,Кин,Keane,,Keane,,,,,,,,,,,,Кієн,Rizky
m_name.gwelts.601,Катал,Cathal,,Cathal,,,,,,,,,,,,Катал,Rizky Arianda Putra
m_name.gwelts.602,Киран,Kieran,,Kieran,,,,,,,,,,,,Кіеран,Rizky Kurniawan
m_name.gwelts.603,Лир,Lir,,Lir,,,,,,,,,,,,Лір,Rizqi Budi Setyawan
m_name.gwelts.604,Лоркан,Lorcan,,Lorcan,,,,,,,,,,,,Лоркан,Robby Wijaya
m_name.gwelts.605,Луг,Lugh,,Lugh,,,,,,,,,,,,Х'ю,Robiansyah
m_name.gwelts.606,Лунн,Lunn,,Lunn,,,,,,,,,,,,Лунн,Robiansyah Nur
m_name.gwelts.607,Маэл,Mael,,Mael,,,,,,,,,,,,Мейл,Romli
m_name.gwelts.608,Малахия,Malachy,,Malachy,,,,,,,,,,,,Малак,Romy
m_name.gwelts.609,Манникс,Mannix,,Mannix,,,,,,,,,,,,Маннікс,Ronald
m_name.gwelts.610,Мэл,Mel,,Mel,,,,,,,,,,,,Мел,Roni
m_name.gwelts.611,Ниалл,Niall,,Niall,,,,,,,,,,,,Ньяль,Rosid
m_name.gwelts.612,Одхран,Odhran,,Odhran,,,,,,,,,,,,Одґран,Rudi
m_name.gwelts.613,Ойсин,Oisin,,Oisin,,,,,,,,,,,,Ойзін,Ryan
m_name.gwelts.614,Олкан,Olcan,,Olcan,,,,,,,,,,,,Олькан,Ryan Hidayat
m_name.gwelts.615,Пэдар,Peadar,,Peadar,,,,,,,,,,,,Пейдар,Ryo
m_name.gwelts.616,Пирс,Pearse,,Pearse,,,,,,,,,,,,Перс,Sabil
m_name.gwelts.617,Риан,Rian,,Rian,,,,,,,,,,,,Райан,Saepul
m_name.gwelts.618,Ронан,Ronan,,Ronan,,,,,,,,,,,,Ронан,Safaludin
m_name.gwelts.619,Ронан,Ronan,,Ronan,,,,,,,,,,,,Ронан,Safrullah
m_name.gwelts.620,Руари,Ruairi,,Ruairi,,,,,,,,,,,,Руйрі,Sahid
m_name.gwelts.621,Шон,Sean,,Sean,,,,,,,,,,,,Шон,Sahrul
m_name.gwelts.622,Шеймус,Seamus,,Seamus,,,,,,,,,,,,Сімус,Saiful Alfan
m_name.gwelts.623,Сенан,Senan,,Senan,,,,,,,,,,,,Сенанн,Saiful Fahyudi
m_name.gwelts.624,Сетанта,Setanta,,Setanta,,,,,,,,,,,,Сетанта,Sakti
m_name.gwelts.625,Шейн,Shane,,Shane,,,,,,,,,,,,Шейн,Samsul Abidin
m_name.gwelts.626,Шей,Shay,,Shay,,,,,,,,,,,,Шей,Samsul Arifin
m_name.gwelts.627,Ши,Shea,,Shea,,,,,,,,,,,,Шіа,Samuel
m_name.gwelts.628,Тадхг,Tadhg,,Tadhg,,,,,,,,,,,,Тадеґ,Sandi
m_name.gwelts.629,Тиг,Teague,,Teague,,,,,,,,,,,,Тіґ,Sandi Setiawan Indra Jaya
m_name.gwelts.630,Тирнан,Tiernan,,Tiernan,,,,,,,,,,,,Тірнан,Sandika
m_name.gwelts.631,Тиге,Tighe,,Tighe,,,,,,,,,,,,Тіґе,Santa
m_name.gwelts.632,Торин,Torin,,Torin,,,,,,,,,,,,Торін,Santoso
m_name.gwelts.633,Турлаф,Turlough,,Turlough,,,,,,,,,,,,Турлоу,Saputra
m_name.gwelts.634,Сигберт,Sigbert,,Sigbert,,,,,,,,,,,,Зігберт,Sarno
m_name.gwelts.635,Сигманд,Sigmand,,Sigmand,,,,,,,,,,,,Зіґманд,Satria
m_name.gwelts.636,Сигфрид,Sigfrid,,Sigfrid,,,,,,,,,,,,Зіґфред,Seftianto
m_name.gwelts.637,Сиджи,Siji,,Siji,,,,,,,,,,,,Сіджі,Selamat
m_name.gwelts.638,Сиджисвалд,Sijiswald,,Sijiswald,,,,,,,,,,,,Сіджівальд,Senja Sugandi
m_name.gwelts.639,Сиджисманд,Sijismand,,Sijismand,,,,,,,,,,,,Сіджіменд,Septian
m_name.gwelts.640,Сик,Sik,,Sik,,,,,,,,,,,,Сік,Setiadi
m_name.gwelts.641,Симен,Simen,,Simen,,,,,,,,,,,,Саймен,Setiawan
m_name.gwelts.642,Стефан,Stefan,,Stefan,,,,,,,,,,,,Штефан,Setya
m_name.gwelts.643,Стеффен,Steffen,,Steffen,,,,,,,,,,,,Штеффен,Setyawan
m_name.gwelts.644,Танкред,Tancred,,Tancred,,,,,,,,,,,,Танкред,Setyo
m_name.gwelts.645,Тарк,Tark,,Tark,,,,,,,,,,,,Тарк,Sidik
m_name.gwelts.646,Тедерик,Tederic,,Tederic,,,,,,,,,,,,Тедерік,Sigit
m_name.gwelts.647,Тилл,Till,,Till,,,,,,,,,,,,Тілл,Silvador Fiderson
m_name.gwelts.648,Тилло,Tillot,,Tillot,,,,,,,,,,,,Тіллот,Simbar Kaliemas
m_name.gwelts.649,Улрик,Ulrik,,Ulrik,,,,,,,,,,,,Ульрік,Slamet
m_name.tanaya.650,Алеон,Aleon,,Aleon,,,,,,,,,,,,Алеон,Slamet Triyono
m_name.tanaya.651,Грилос,Grilos,,Groto,,,,,,,,,,,,Ґрілос,Sodiq
m_name.tanaya.652,Пенелис,Penelis,,Penelis,,,,,,,,,,,,Пенеліс,Solihin
m_name.tanaya.653,Калитон,Kaliton,,Kaliton,,,,,,,,,,,,Калітон,Sony Ardiansyah
m_name.tanaya.654,Дримиос,Drimios,,Drimios,,,,,,,,,,,,Дрімуа,Subianto
m_name.tanaya.655,Леонет,Leonet,,Leonet,,,,,,,,,,,,Леонет,Sugeng Wahyudi
m_name.tanaya.656,Пирелис,Pirelis,,Pirelis,,,,,,,,,,,,Піреліс,Suherman
m_name.tanaya.657,Галонос,Galonos,,Galonos,,,,,,,,,,,,Ґалонос,Sukardi
m_name.tanaya.658,Трендас,Trendas,,Trendas,,,,,,,,,,,,Трендас,Sulaimansyah
m_name.tanaya.659,Филеон,Fileon,,Fileon,,,,,,,,,,,,Філеон,Sunardi
m_name.tanaya.660,Каларис,Kalaris,,Kalaris,,,,,,,,,,,,Каларіс,Supangat
m_name.tanaya.661,Дриман,Driman,,Driman,,,,,,,,,,,,Дріман,Surya
m_name.tanaya.662,Энерион,Enerion,,Enerion,,,,,,,,,,,,Енеріон,Suryadi
m_name.tanaya.663,Тимелос,Timelos,,Timelos,,,,,,,,,,,,Тімелос,Suryono
m_name.tanaya.664,Степанис,Stepanis,,Stepanis,,,,,,,,,,,,Штеніс,Susanto
m_name.tanaya.665,Перион,Perion,,Perion,,,,,,,,,,,,Періон,Sutarno
m_name.tanaya.666,Лилиос,Lilios,,Lilios,,,,,,,,,,,,Ліліос,Sutekno
m_name.tanaya.667,Фалерос,Faleros,,Faleros,,,,,,,,,,,,Фалерос,Syahputra
m_name.tanaya.668,Делонис,Delonis,,Delonis,,,,,,,,,,,,Делоніс,Syahril
m_name.tanaya.669,Теронид,Teronid,,Teronid,,,,,,,,,,,,Теронід,Syaiful
m_name.tanaya.670,Виларис,Vilaris,,Vilaris,,,,,,,,,,,,Віларіс,Syamsul
m_name.tanaya.671,Пелетос,Peletos,,Peletos,,,,,,,,,,,,Пелетос,Syarif
m_name.tanaya.672,Лендор,Lendor,,Lendor,,,,,,,,,,,,Лендор,Syarifuddin
m_name.tanaya.673,Аримон,Arimon,,Arimon,,,,,,,,,,,,Арімон,Syarifuddin Pakiding
m_name.tanaya.674,Телерон,Teleron,,Teleron,,,,,,,,,,,,Телерон,Taufan
m_name.tanaya.675,Финело,Finelo,,Finelo,,,,,,,,,,,,Фінело,Taufik
m_name.tanaya.676,Дримет,Drimet,,Drimet,,,,,,,,,,,,Дрімет,Taufiq
m_name.tanaya.677,Пелиор,Pelior,,Pelior,,,,,,,,,,,,Пеліор,Taufiq Qurrahman
m_name.tanaya.678,Гранеос,Graneos,,Graneos,,,,,,,,,,,,Ґранес,Tedy Syah Putra
m_name.tanaya.679,Лиренис,Lirenis,,Lirenis,,,,,,,,,,,,Ліреніс,Tegar Setiadi
m_name.tanaya.680,Тименор,Timenor,,Timenor,,,,,,,,,,,,Тіменор,Teguh
m_name.tanaya.681,Филид,Filid,,Filid,,,,,,,,,,,,Філід,Teguh Agus Amin
m_name.tanaya.682,Гелоран,Geloran,,Geloran,,,,,,,,,,,,Ґелоран,Teguh Sudiyono
m_name.tanaya.683,Дримел,Drimel,,Drimel,,,,,,,,,,,,Дрімел,Tian Salembang
m_name.tanaya.684,Калетон,Kaleton,,Kaleton,,,,,,,,,,,,Калетон,Tibud Fajar Shubhi
m_name.tanaya.685,Тиленос,Tilenos,,Tilenos,,,,,,,,,,,,Тіленос,Tio
m_name.tanaya.686,Лендри,Lendri,,Lendri,,,,,,,,,,,,Лендрі,Tito
m_name.tanaya.687,Перилос,Perilos,,Perilos,,,,,,,,,,,,Перілос,Tommy Mohammad Chadiq
m_name.tanaya.688,Арелис,Arelis,,Arelis,,,,,,,,,,,,Ареліс,Toni
m_name.tanaya.689,Филинор,Filinor,,Filinor,,,,,,,,,,,,Філінор,Tri
m_name.tanaya.690,Гелитон,Geliton,,Geliton,,,,,,,,,,,,Ґелітон,Tri Wibowo
m_name.tanaya.691,Дримор,Drimor,,Drimor,,,,,,,,,,,,Дрімор,Tria
m_name.tanaya.692,Телонис,Telonis,,Telonis,,,,,,,,,,,,Телоніс,Trian
m_name.tanaya.693,Перен,Peren,,Peren,,,,,,,,,,,,Перен,Trifendi Julian Mustofa
m_name.tanaya.694,Галерон,Galeron,,Galeron,,,,,,,,,,,,Ґелерон,Tukiman
m_name.tanaya.695,Лилидор,Lilidor,,Lilidor,,,,,,,,,,,,Лілідор,Tulus
m_name.tanaya.696,Каленис,Kalenis,,Kalenis,,,,,,,,,,,,Каленіс,Tutut Adhi Prabowo
m_name.tanaya.697,Тилис,Tilis,,Tilis,,,,,,,,,,,,Тільс,Ucok
m_name.tanaya.698,Энелор,Enelor,,Enelor,,,,,,,,,,,,Енелор,Ucu
m_name.tanaya.699,Грелид,Grelyd,,Grelyd,,,,,,,,,,,,Ґрелід,Udin
m_name.tanaya.700,Лирикос,Lirikos,,Lirikos,,,,,,,,,,,,Лірікос,Ujang
m_name.tanaya.701,Паленор,Palenor,,Palenor,,,,,,,,,,,,Пеленор,Umar
m_name.tanaya.702,Ферон,Feron,,Feron,,,,,,,,,,,,Ферон,Unang
m_name.tanaya.703,Тримос,Trimos,,Trimos,,,,,,,,,,,,Трімос,Untung
m_name.tanaya.704,Галор,Galor,,Galor,,,,,,,,,,,,Ґалор,Urip
m_name.tanaya.705,Делон,Delon,,Delon,,,,,,,,,,,,Делон,Vicky
m_name.tanaya.706,Лорон,Loron,,Loron,,,,,,,,,,,,Лорон,Viko
m_name.tanaya.707,Керис,Keris,,Keris,,,,,,,,,,,,Керіс,Viktor
m_name.tanaya.708,Тирол,Tirol,,Tirol,,,,,,,,,,,,Тірол,Wahab
m_name.tanaya.709,Гримел,Grimel,,Grimel,,,,,,,,,,,,Ґрімель,Wahid
m_name.tanaya.710,Алерон,Aleron,,Aleron,,,,,,,,,,,,Алерон,Wahyu
m_name.tanaya.711,Трендос,Trendos,,Trendos,,,,,,,,,,,,Трендос,Wahyu Catur Atmojo
m_name.tanaya.712,Дрелос,Drelos,,Drelos,,,,,,,,,,,,Дрелос,Wahyu Prasetyo
m_name.tanaya.713,Галери,Galery,,Galery,,,,,,,,,,,,Ґелері,Wahyu Saifuddin
m_name.tanaya.714,Перил,Peril,,Peril,,,,,,,,,,,,Періл,Wahyudi
m_name.tanaya.715,Лирет,Liret,,Liret,,,,,,,,,,,,Лірет,Waluyo
m_name.tanaya.716,Филон,Filon,,Filon,,,,,,,,,,,,Філон,Wardi
m_name.tanaya.717,Дремел,Dremel,,Dremel,,,,,,,,,,,,Дремель,Warih
m_name.tanaya.718,Грело,Grelo,,Gralo,,,,,,,,,,,,Ґрело,Warjono
m_name.tanaya.719,Тилен,Tilen,,Tilen,,,,,,,,,,,,Тілен,Wawan
m_name.tanaya.720,Калор,Kalor,,Kalor,,,,,,,,,,,,Калор,Wibowo
m_name.tanaya.721,Перон,Peron,,Peron,,,,,,,,,,,,Перон,Wicaksono
m_name.tanaya.722,Дрелик,Drelik,,Drelik,,,,,,,,,,,,Дрелік,Widi
m_name.tanaya.723,Лирен,Liren,,Liren,,,,,,,,,,,,Лірен,Widianto
m_name.tanaya.724,Грелос,Grelos,,Gralos,,,,,,,,,,,,Ґрелос,Wido
m_name.tanaya.725,Трилон,Trilon,,Trilon,,,,,,,,,,,,Трілон,Wiguna
m_name.tanaya.726,Дрило,Drilo,,Drilo,,,,,,,,,,,,Дріло,Wikanto
m_name.tanaya.727,Пелор,Pelor,,Pelor,,,,,,,,,,,,Пелор,Willy
m_name.tanaya.728,Алеро,Alero,,Alero,,,,,,,,,,,,Алеро,Wilson
m_name.tanaya.729,Грелис,Grelys,,Grelys,,,,,,,,,,,,Ґреліс,Wira
m_name.tanaya.730,Лирнос,Lirnos,,Lirnos,,,,,,,,,,,,Лірнос,Wirawan
m_name.tanaya.731,Терел,Terel,,Terel,,,,,,,,,,,,Терел,Wisnu
m_name.tanaya.732,Филет,Filet,,Filet,,,,,,,,,,,,Філет,Yana
m_name.tanaya.733,Дримен,Drimen,,Drimen,,,,,,,,,,,,Дрімен,Yanto
m_name.tanaya.734,Галет,Galet,,Galet,,,,,,,,,,,,Ґелет,Yanuar
m_name.tanaya.735,Перик,Perik,,Perik,,,,,,,,,,,,Перік,Yermia Rubhel Turnado
m_name.tanaya.736,Келор,Kelor,,Kelor,,,,,,,,,,,,Келор,Yoga
m_name.tanaya.737,Трелен,Trelen,,Trelen,,,,,,,,,,,,Трелен,Yoga Prastyo
m_name.tanaya.738,Грилет,Grilet,,Grilet,,,,,,,,,,,,Ґрілет,Yogi
m_name.tanaya.739,Дрелен,Drelen,,Drelen,,,,,,,,,,,,Дрелен,Yoosa Sanjaya
m_name.tanaya.740,Тилос,Tilos,,Tilos,,,,,,,,,,,,Тілос,Yoseph Longgawa
m_name.tanaya.741,Гримен,Grimen,,Grimen,,,,,,,,,,,,Ґрімен,Yosua Pribadi Wikan
m_name.tanaya.742,Дримел,Drimel,,Drimel,,,,,,,,,,,,Дрімель,Yuda
m_name.tanaya.743,Трело,Trelo,,Tрelo,,,,,,,,,,,,Пело,Yudi
m_name.tanaya.744,Лирек,Lirek,,Lirek,,,,,,,,,,,,Лірек,Yudi Umbara
m_name.tanaya.745,Филер,Filer,,Filer,,,,,,,,,,,,Філур,Yulian
m_name.tanaya.746,Грелен,Grelen,,Grelен,,,,,,,,,,,,Ґреле,Yulianto
m_name.tanaya.747,Лирас,Liras,,Liras,,,,,,,,,,,,Лірас,Yuni
m_name.tanaya.748,Гелоник,Gelonik,,Gelonik,,,,,,,,,,,,Гелон,Yunus
m_name.tanaya.749,Дретос,Dretos,,Dretos,,,,,,,,,,,,Дретос,Yusrianto Salusu
m_name.tanaya.750,Пелонис,Pelonis,,Pelonis,,,,,,,,,,,,Пелоніс,Yusril Mahendra
m_name.tanaya.751,Тралос,Tralos,,Tralos,,,,,,,,,,,,Тралос,Yusuf
m_name.tanaya.752,Келон,Kelon,,Kelon,,,,,,,,,,,,Келон,Zaenuddin
m_name.tanaya.753,Аримос,Arimos,,Arimos,,,,,,,,,,,,Арімос,Zainal
m_name.tanaya.754,Гелоран,Geloran,,Geloran,,,,,,,,,,,,Ґелоран,Zainal Abidin
m_name.tanaya.755,Триман,Triman,,Triman,,,,,,,,,,,,Тріман,Zainal Indra Setiawan
m_name.tanaya.756,Палорис,Paloris,,Paloris,,,,,,,,,,,,Палоріс,Zainudin
m_name.tanaya.757,Деленис,Delenis,,Delenis,,,,,,,,,,,,Деленіс,Zainul Arief Fuadi
m_name.tanaya.758,Лиронд,Lirond,,Lirond,,,,,,,,,,,,Ліронд,Zakaria
m_name.tanaya.759,Грелан,Grelan,,Grelan,,,,,,,,,,,,Ґрелан,Zaki
m_name.tanaya.760,Тилорик,Tilorik,,Tilorik,,,,,,,,,,,,Тілорік,Zamani
m_name.tanaya.761,Феринос,Ferinos,,Ferinos,,,,,,,,,,,,Ферінс,Zidan
m_name.tanaya.762,Дриморан,Drimoran,,Drimoran,,,,,,,,,,,,Дріморен,Zikri
m_name.tanaya.763,Галерин,Galerin,,Galerin,,,,,,,,,,,,Ґелерін,Zuhri
m_name.tanaya.764,Терило,Terilo,,Terilo,,,,,,,,,,,,Теріл,Zulfikar
m_name.tanaya.765,Пеларис,Pelaris,,Pelaris,,,,,,,,,,,,Пеларіс,Zulham
m_name.tanaya.766,Гримелис,Grimelis,,Grimelis,,,,,,,,,,,,Ґрімеліс,Zulkarnain
m_name.tanaya.767,Дретон,Dreton,,Dretоn,,,,,,,,,,,,Дретон,Zulkifli
m_name.tanaya.768,Лиреник,Lirenik,,Lirenik,,,,,,,,,,,,Ліренік,Zulkifli Rahmat
m_name.tanaya.769,Галоранд,Galorand,,Galorand,,,,,,,,,,,,Ґалоранд,
m_name.tanaya.770,Терелон,Terelon,,Terelon,,,,,,,,,,,,Терелон,
m_name.tanaya.771,Дреликос,Drelikos,,Drelikos,,,,,,,,,,,,Дрелікс,
m_name.tanaya.772,Филоранд,Filorand,,Filоrand,,,,,,,,,,,,Філоранд,
m_name.tanaya.773,Греленд,Grelynd,,Grelynd,,,,,,,,,,,,Ґрелінд,
m_name.tanaya.774,Трален,Tralen,,Tralen,,,,,,,,,,,,Трален,
m_name.tanaya.775,Дримелор,Drimelor,,Drimelor,,,,,,,,,,,,Дрімелор,
m_name.tanaya.776,Гралос,Gralos,,Gralos,,,,,,,,,,,,Ґралос,
m_name.tanaya.777,Теринд,Terind,,Terind,,,,,,,,,,,,Терінд,
m_name.tanaya.778,Лирелос,Lirelos,,Lirelos,,,,,,,,,,,,Лірелос,
m_name.tanaya.779,Пелоран,Peloran,,Peloran,,,,,,,,,,,,Пелоран,
m_name.tanaya.780,Грименд,Grimend,,Grimend,,,,,,,,,,,,Ґріменд,
m_name.tanaya.781,Дрилорис,Driloris,,Driloris,,,,,,,,,,,,Дрілор,
m_name.tanaya.782,Траленд,Tralynd,,Tralynd,,,,,,,,,,,,Тралін,
m_name.tanaya.783,Грелорик,Grelyrik,,Grelyrik,,,,,,,,,,,,Ґрелірік,
m_name.tanaya.784,Дретосис,Dretosis,,Dretosis,,,,,,,,,,,,Дретосис,
m_name.tanaya.785,Леримон,Lerimon,,Lerimon,,,,,,,,,,,,Лерімон,
m_name.tanaya.786,Тримеланд,Trimeland,,Trimeland,,,,,,,,,,,,Трімлан,
m_name.tanaya.787,Гелорос,Geloros,,Gelоros,,,,,,,,,,,,Ґелорос,
m_name.tanaya.788,Дрален,Dralen,,Dralen,,,,,,,,,,,,Дрален,
m_name.tanaya.789,Терилос,Terilos,,Terilos,,,,,,,,,,,,Терілос,
m_name.tanaya.790,Гримелон,Grimelon,,Grimelon,,,,,,,,,,,,Ґрімельн,
m_name.tanaya.791,Дретонис,Dretonis,,Dretоnis,,,,,,,,,,,,Дретоніс,
m_name.tanaya.792,Лиреланд,Lireland,,Lireland,,,,,,,,,,,,Лірланд,
m_name.tanaya.793,Греленос,Grelynos,,Grelynos,,,,,,,,,,,,Ґрелін,
m_name.tanaya.794,Триморис,Trimoris,,Trimoris,,,,,,,,,,,,Тріморіс,
m_name.tanaya.795,Дримелис,Drimelis,,Drimelis,,,,,,,,,,,,Дрімеліс,
m_name.tanaya.796,Граленд,Gralend,,Gralend,,,,,,,,,,,,Ґраленд,
m_name.tanaya.797,Палендор,Palendor,,Palendor,,,,,,,,,,,,Плендор,
m_name.tanaya.798,Гримон,Grimon,,Grimon,,,,,,,,,,,,Ґрімон,
m_name.tanaya.799,Тералон,Teralon,,Teralon,,,,,,,,,,,,Тералон,
m_name.tanaya.800,Дрикос,Drikos,,Drikos,,,,,,,,,,,,Дрікос,
m_name.tanaya.801,Лиримос,Lirimos,,Lirimos,,,,,,,,,,,,Лірімос,
m_name.tanaya.802,Гелорис,Geloris,,Geloris,,,,,,,,,,,,Ґелоріс,
m_name.tanaya.803,Траленди,Tralyndi,,Tralyndi,,,,,,,,,,,,Тралінді,
m_name.tanaya.804,Палорон,Paloron,,Paloron,,,,,,,,,,,,Палорон,
m_name.tanaya.805,Дретик,Dretik,,Dretik,,,,,,,,,,,,Дретік,
m_name.tanaya.806,Галенди,Galyndi,,Galyndi,,,,,,,,,,,,Ґалінді,
m_name.tanaya.807,Трименос,Trimenos,,Trimenos,,,,,,,,,,,,Тріменос,
m_name.tanaya.808,Лероник,Leronik,,Leronik,,,,,,,,,,,,Леронік,
m_name.tanaya.809,Грелисос,Grelysis,,Grelysis,,,,,,,,,,,,Греліс,
m_name.tanaya.810,Дралор,Dralor,,Dralor,,,,,,,,,,,,Дралор,
m_name.tanaya.811,Теринос,Terinos,,Terinos,,,,,,,,,,,,Терінос,
m_name.tanaya.812,Грималос,Grimalos,,Grimalos,,,,,,,,,,,,Ґрімалос,
m_name.tanaya.813,Лирелис,Lirelis,,Lirelis,,,,,,,,,,,,Ліреліс,
m_name.tanaya.814,Траленос,Tralynos,,Tralynos,,,,,,,,,,,,Тралінос,
m_name.tanaya.815,Дреторис,Dretoris,,Dretoris,,,,,,,,,,,,Драторіс,
m_name.tanaya.816,Галеронд,Galerond,,Galerond,,,,,,,,,,,,Ґелеронд,
m_name.tanaya.817,Паленис,Palenys,,Palenys,,,,,,,,,,,,Паленіс,
m_name.tanaya.818,Гриморос,Grimoros,,Grimoros,,,,,,,,,,,,Ґріморос,
m_name.tanaya.819,Лерилос,Lerilos,,Lerilos,,,,,,,,,,,,Лерілс,
m_name.tanaya.820,Дримонд,Drimond,,Drimond,,,,,,,,,,,,Дрімонд,
m_name.tanaya.821,Тралорик,Tralorik,,Tralorik,,,,,,,,,,,,Тралорік,
m_name.tanaya.822,Греленди,Grelyndy,,Grelyndy,,,,,,,,,,,,Ґрелінді,
m_name.tanaya.823,Лиримен,Lirimen,,Lirimen,,,,,,,,,,,,Лірімен,
m_name.tanaya.824,Дреторос,Dretoros,,Dretoros,,,,,,,,,,,,Дреторс,
m_name.tanaya.825,Галендос,Galyndos,,Galyndos,,,,,,,,,,,,Ґаліндос,
m_name.tanaya.826,Тримелик,Trimelik,,Trimelik,,,,,,,,,,,,Трімелік,
m_name.tanaya.827,Палоренд,Palorynd,,Palorynd,,,,,,,,,,,,Палорін,
m_name.tanaya.828,Гримелос,Grimelos,,Grimelos,,,,,,,,,,,,Ґрімелос,
m_name.tanaya.829,Лерилон,Lerilon,,Lerilon,,,,,,,,,,,,Лерілон,
m_name.tanaya.830,Дрименос,Drimynos,,Drimynos,,,,,,,,,,,,Дрімінос,
m_name.tanaya.831,Тралерис,Tralyris,,Tralyris,,,,,,,,,,,,Траліріс,
m_name.tanaya.832,Грелоранд,Grelyrand,,Grelyrand,,,,,,,,,,,,Греліренд,
m_name.tanaya.833,Лирелонд,Lirelond,,Lirelond,,,,,,,,,,,,Лірелонд,
m_name.tanaya.834,Дретилис,Dretylys,,Dretylys,,,,,,,,,,,,Дретіліс,
m_name.tanaya.835,Галоренд,Galorynd,,Galorynd,,,,,,,,,,,,Ґалорінд,
m_name.tanaya.836,Тримелис,Trimelys,,Trimelys,,,,,,,,,,,,Трімеліс,
m_name.voruns.837,Володомир,Volodomir,,Volodomir,,,,,,,,,,,,Влодомир,
m_name.voruns.838,Славород,Slavorod,,Slavorod,,,,,,,,,,,,Славород,
m_name.voruns.839,Велегор,Velegor,,Velegor,,,,,,,,,,,,Велегор,
m_name.voruns.840,Боримил,Borimil,,Borimil,,,,,,,,,,,,Бориміл,
m_name.voruns.841,Лутомысл,Lutomysl,,Lutomysl,,,,,,,,,,,,Лутомисл,
m_name.voruns.842,Златомир,Zlatomir,,Zlatomir,,,,,,,,,,,,Златомир,
m_name.voruns.843,Честислав,Chestislav,,Chestislav,,,,,,,,,,,,Честислав,
m_name.voruns.844,Дружислав,Druzhislav,,Druzhislav,,,,,,,,,,,,Дружислав,
m_name.voruns.845,Степомыл,Stepomyl,,Stepomyl,,,,,,,,,,,,Степомил,
m_name.voruns.846,Живогаст,Zhivogast,,Zhivogast,,,,,,,,,,,,Живогаст,
m_name.voruns.847,Перебор,Perebor,,Perebor,,,,,,,,,,,,Древобор,
m_name.voruns.848,Богомил,Bogomil,,Bogomil,,,,,,,,,,,,Богомил,
m_name.voruns.849,Володарь,Volodar,,Volodar,,,,,,,,,,,,Володар,
m_name.voruns.850,Стражислав,Strazhislav,,Strazhislav,,,,,,,,,,,,Стражислав,
m_name.voruns.851,Радомир,Radomir,,Radomir,,,,,,,,,,,,Радомир,
m_name.voruns.852,Лютобор,Lyutobor,,Lyutobor,,,,,,,,,,,,Лютобор,
m_name.voruns.853,Святослав,Svyatoslav,,Svyatoslav,,,,,,,,,,,,Святослав,
m_name.voruns.854,Воиномыл,Voinomyl,,Voinomyl,,,,,,,,,,,,Воїномил,
m_name.voruns.855,Добромышл,Dobromyshl,,Dobromyshl,,,,,,,,,,,,Добромисл,
m_name.voruns.856,Живород,Zhivorod,,Zhivorod,,,,,,,,,,,,Живород,
m_name.voruns.857,Ратибор,Ratibor,,Ratibor,,,,,,,,,,,,Ратибор,
m_name.voruns.858,Ладомир,Ladoslav,,Ladoslav,,,,,,,,,,,,Ладослав,
m_name.voruns.859,Витомыл,Vitomyl,,Vitomyl,,,,,,,,,,,,Вітомил,
m_name.voruns.860,Страномир,Stranomir,,Stranomir,,,,,,,,,,,,Страномир,
m_name.voruns.861,Живоволод,Zhivovolod,,Zhivovolod,,,,,,,,,,,,Живолод,
m_name.voruns.862,Перемыл,Peremyl,,Peremyl,,,,,,,,,,,,Перемил,
m_name.voruns.863,Дружемир,Druzhemir,,Druzhemir,,,,,,,,,,,,Дружемир,
m_name.voruns.864,Волослав,Voloslav,,Voloslav,,,,,,,,,,,,Волослав,
m_name.voruns.865,Стражомил,Strazhomil,,Strazhomil,,,,,,,,,,,,Стражомил,
m_name.voruns.866,Радибор,Radibor,,Radibor,,,,,,,,,,,,Радибор,
m_name.voruns.867,Лютомир,Lyutomir,,Lyutomir,,,,,,,,,,,,Лютомир,
m_name.voruns.868,Воиномир,Voinomir,,Voinomir,,,,,,,,,,,,Войномир,
m_name.voruns.869,Доброслав,Dobroslav,,Dobroslav,,,,,,,,,,,,Доброслав,
m_name.voruns.870,Живовлад,Zhivovlad,,Zhivovlad,,,,,,,,,,,,Живовлад,
m_name.voruns.871,Миробор,Miromyl,,Miromyl,,,,,,,,,,,,Миромил,
m_name.voruns.872,Вечерад,Vecherad,,Vecherad,,,,,,,,,,,,Вечерад,
m_name.voruns.873,Лучислав,Luchislav,,Luchislav,,,,,,,,,,,,Лучислав,
m_name.voruns.874,Богослав,Bogoslav,,Bogoslav,,,,,,,,,,,,Богослав,
m_name.voruns.875,Силомыр,Silomyr,,Silomyr,,,,,,,,,,,,Силомар,
m_name.voruns.876,Живосил,Zhivosil,,Zhivosil,,,,,,,,,,,,Живоспил,
m_name.voruns.877,Радовлад,Radovlad,,Radovlad,,,,,,,,,,,,Радовлад,
m_name.voruns.878,Володар,Volodar,,Volodar,,,,,,,,,,,,Валодар,
m_name.voruns.879,Живомил,Zhivomil,,Zhivomil,,,,,,,,,,,,Живомил,
m_name.voruns.880,Радослав,Radoslav,,Radoslav,,,,,,,,,,,,Радослав,
m_name.voruns.881,Степаномир,Stepanomir,,Stepanomir,,,,,,,,,,,,Степаномир,
m_name.voruns.882,Веломир,Velomir,,Velomir,,,,,,,,,,,,Веломир,
m_name.voruns.883,Ладослав,Ladoslav,,Ladoslav,,,,,,,,,,,,Ладослав,
m_name.voruns.884,Воломир,Volomir,,Volomir,,,,,,,,,,,,Воломир,
m_name.voruns.885,Лютосил,Lyutosil,,Lyutosil,,,,,,,,,,,,Лютосил,
m_name.voruns.886,Радибой,Radiboy,,Radivoy,,,,,,,,,,,,Радибог,
m_name.voruns.887,Боролюб,Borolyub,,Borolyub,,,,,,,,,,,,Боролюб,
m_name.voruns.888,Добромир,Dobromir,,Dobromir,,,,,,,,,,,,Добромир,
m_name.voruns.889,Миромыл,Miromyl,,Miromyl,,,,,,,,,,,,Миромил,
m_name.voruns.890,Славомил,Slavomil,,Slavomil,,,,,,,,,,,,Славомил,
m_name.voruns.891,Лучезар,Luchezar,,Luchezar,,,,,,,,,,,,Лучезар,
m_name.voruns.892,Витослав,Vitoslav,,Vitoslav,,,,,,,,,,,,Вітослав,
m_name.voruns.893,Страномыл,Stranomyl,,Stranomyl,,,,,,,,,,,,Страномил,
m_name.voruns.894,Ратослав,Ratoslav,,Ratoslav,,,,,,,,,,,,Ратослав,
m_name.voruns.895,Златослав,Zlatoslav,,Zlatoslav,,,,,,,,,,,,Златослав,
m_name.voruns.896,Воинослав,Voinoslav,,Voinoslav,,,,,,,,,,,,Войнослав,
m_name.voruns.897,Владеслав,Vladeslav,,Vladeslav,,,,,,,,,,,,Владеслав,
m_name.voruns.898,Лютовлад,Lyutovlad,,Lyutovlad,,,,,,,,,,,,Лютовлад,
m_name.voruns.899,Дружеслав,Druzeslav,,Druzeslav,,,,,,,,,,,,Дружеслав,
m_name.voruns.900,Светомир,Svetomir,,Svetomir,,,,,,,,,,,,Світомир,
m_name.voruns.901,Радомил,Radomil,,Radomil,,,,,,,,,,,,Радомил,
m_name.voruns.902,Вечемир,Vechemir,,Vechemir,,,,,,,,,,,,Вечемир,
m_name.voruns.903,Лутосил,Lutosil,,Lutosil,,,,,,,,,,,,Латосил,
m_name.voruns.904,Боромир,Boromir,,Boromir,,,,,,,,,,,,Боромир,
m_name.voruns.905,Степанослав,Stepanoslav,,Stepanoslav,,,,,,,,,,,,Степанослав,
m_name.voruns.906,Ладомыл,Ladoslav,,Ladoslav,,,,,,,,,,,,Ладослав,
m_name.voruns.907,Володеслав,Volomil,,Volomil,,,,,,,,,,,,Войломил,
m_name.voruns.908,Дружомир,Druzhomir,,Druzhomir,,,,,,,,,,,,Дружомир,
m_name.voruns.909,Силовлад,Silovlad,,Silovlad,,,,,,,,,,,,Силовлад,
m_name.voruns.910,Живорад,Zhivorad,,Zhivorad,,,,,,,,,,,,Живорад,
m_name.voruns.911,Переслав,Pereslav,,Pereslav,,,,,,,,,,,,Переслав,
m_name.voruns.912,Светосил,Svetosil,,Svetosil,,,,,,,,,,,,Світосил,
m_name.voruns.913,Вечебор,Vechebor,,Vechebor,,,,,,,,,,,,Вечобор,
m_name.voruns.914,Лучемир,Luchemir,,Luchemir,,,,,,,,,,,,Лучемир,
m_name.voruns.915,Витомир,Vitomir,,Vitomir,,,,,,,,,,,,Вітомир,
m_name.voruns.916,Странослав,Stranoslav,,Stranoslav,,,,,,,,,,,,Странослав,
m_name.voruns.917,Лютебор,Lyutebor,,Lyutebor,,,,,,,,,,,,Лютебор,
m_name.voruns.918,Ратомир,Ratomir,,Ratomir,,,,,,,,,,,,Ратомир,
m_name.voruns.919,Зорослав,Zoroslav,,Zoroslav,,,,,,,,,,,,Зорослав,
m_name.voruns.920,Воиномыл,Voinomyl,,Voinomyl,,,,,,,,,,,,Войномил,
m_name.voruns.921,Добребор,Dobrebor,,Dobrebor,,,,,,,,,,,,Добробор,
m_name.voruns.922,Живослав,Zhivoslav,,Zhivoslav,,,,,,,,,,,,Живослав,
m_name.voruns.923,Миробой,Miromir,,Miromir,,,,,,,,,,,,Миромир,
m_name.voruns.924,Славомир,Slavomir,,Slavomir,,,,,,,,,,,,Славомир,
m_name.voruns.925,Лучевлад,Luchevlad,,Luchevlad,,,,,,,,,,,,Лучевлад,
m_name.voruns.926,Витебор,Vitebor,,Vitebor,,,,,,,,,,,,Вітебор,
m_name.voruns.927,Стражослав,Strazhoslav,,Strazhoslav,,,,,,,,,,,,Стражослав,
m_name.voruns.928,Радовой,Radovoy,,Radovoy,,,,,,,,,,,,Радовой,
m_name.voruns.929,Златомил,Zlatomil,,Zlatomil,,,,,,,,,,,,Златомил,
m_name.voruns.930,Вечесил,Vechebor,,Vechebor,,,,,,,,,,,,Вечебор,
m_name.voruns.931,Лутовлад,Lutovlad,,Lutovlad,,,,,,,,,,,,Латовлад,
m_name.voruns.932,Борослав,Boroslav,,Boroslav,,,,,,,,,,,,Борослав,
m_name.voruns.933,Степанебор,Stepanebo,,Stepanebo,,,,,,,,,,,,Степанед,
m_name.voruns.934,Ладеслав,Ladevlad,,Ladevlad,,,,,,,,,,,,Ладовлад,
m_name.voruns.935,Волебор,Volebor,,Volebor,,,,,,,,,,,,Волебор,
m_name.voruns.936,Дружевлад,Druzhevlad,,Druzhevlad,,,,,,,,,,,,Дружевлад,
m_name.voruns.937,Силомир,Silomir,,Silomir,,,,,,,,,,,,Силомир,
m_name.voruns.938,Живобор,Zhivobor,,Zhivobor,,,,,,,,,,,,Живобор,
m_name.voruns.939,Перемир,Peremir,,Peremir,,,,,,,,,,,,Перемир,
m_name.voruns.940,Световлад,Svetovlad,,Svetovlad,,,,,,,,,,,,Світовлад,
m_name.voruns.941,Вечевой,Vechevoy,,Vechevoy,,,,,,,,,,,,Вечевой,
m_name.voruns.942,Лучебор,Luchebor,,Luchebor,,,,,,,,,,,,Лучебор,
m_name.voruns.943,Витевлад,Vitevlad,,Vitevlad,,,,,,,,,,,,Вітевлад,
m_name.voruns.944,Странебор,Stranebor,,Stranebor,,,,,,,,,,,,Странебор,
m_name.voruns.945,Лютемир,Lyutemir,,Lyutemir,,,,,,,,,,,,Лютемир,
m_name.voruns.946,Ратеслав,Rateslav,,Rateslav,,,,,,,,,,,,Ратислав,
m_name.voruns.947,Зоребор,Zorebor,,Zorebor,,,,,,,,,,,,Зоребор,
m_name.voruns.948,Воинебор,Voinobor,,Voinobor,,,,,,,,,,,,Войнобор,
m_name.voruns.949,Добремир,Dobrebor,,Dobrebor,,,,,,,,,,,,Добребор,
m_name.voruns.950,Живевлад,Zhivevlad,,Zhivevlad,,,,,,,,,,,,Живевлад,
m_name.voruns.951,Миромир,Miromir,,Miromir,,,,,,,,,,,,Миромир,
m_name.voruns.952,Славобой,Slavoboy,,Slavovoy,,,,,,,,,,,,Славобор,
m_name.voruns.953,Лучевой,Luchevoy,,Luchevoy,,,,,,,,,,,,Лучевар,
m_name.voruns.954,Витосил,Vitosil,,Vitosil,,,,,,,,,,,,Вітасил,
m_name.voruns.955,Стражебор,Strazhebor,,Strazhebor,,,,,,,,,,,,Стражебор,
m_name.voruns.956,Радобой,Radoboy,,Radovoy,,,,,,,,,,,,Радобор,
m_name.voruns.957,Златосил,Zlatosil,,Zlatosil,,,,,,,,,,,,Златосил,
m_name.voruns.958,Вечевлад,Vechevlad,,Vechevlad,,,,,,,,,,,,Вечевлад,
m_name.voruns.959,Лутобой,Lutoboy,,Lutovoy,,,,,,,,,,,,Лютобар,
m_name.voruns.960,Боромыл,Boromyl,,Boromyl,,,,,,,,,,,,Боромал,
m_name.voruns.961,Степаномил,Stepanomil,,Stepanomil,,,,,,,,,,,,Степаномил,
m_name.voruns.962,Ладевлад,Ladevlad,,Ladevlad,,,,,,,,,,,,Ладовлад,
m_name.voruns.963,Воломил,Volomil,,Volomil,,,,,,,,,,,,Воломил,
m_name.voruns.964,Друже,Druzhe,,Druzhe,,,,,,,,,,,,Друж,
m_name.voruns.965,Велодар,Velodar,,Velodar,,,,,,,,,,,,Велодар,
m_name.voruns.966,Лутовой,Lutovoy,,Lutovoy,,,,,,,,,,,,Латовой,
m_name.voruns.967,Зоросил,Zorosil,,Zorosil,,,,,,,,,,,,Зоросил,
m_name.voruns.968,Боромил,Boromil,,Boromil,,,,,,,,,,,,Боромил,
m_name.voruns.969,Радилют,Radilyut,,Radilyut,,,,,,,,,,,,Радилют,
m_name.voruns.970,Виторад,Vitorad,,Vitorad,,,,,,,,,,,,Віторад,
m_name.voruns.971,Страновой,Stranovoy,,Stranovoy,,,,,,,,,,,,Страновод,
m_name.voruns.972,Живовой,Zhivovoy,,Zhivovoy,,,,,,,,,,,,Живовод,
m_name.voruns.973,Перелюб,Perelyub,,Perelyub,,,,,,,,,,,,Перелюб,
m_name.voruns.974,Дружовлад,Druzhovlad,,Druzhovlad,,,,,,,,,,,,Дружовлад,
m_name.voruns.975,Стражосил,Strazhosil,,Strazhosil,,,,,,,,,,,,Стражосил,
m_name.voruns.976,Радовер,Radover,,Radover,,,,,,,,,,,,Радовір,
m_name.voruns.977,Лютовой,Lyutovoy,,Lyutovoy,,,,,,,,,,,,Лютовой,
m_name.voruns.978,Воинодар,Voinodar,,Voinodar,,,,,,,,,,,,Войнодар,
m_name.voruns.979,Добровер,Dobrover,,Dobrover,,,,,,,,,,,,Добровір,
m_name.voruns.980,Живосвет,Zhivosvet,,Zhivosvet,,,,,,,,,,,,Живосвет,
m_name.voruns.981,Миродар,Miroduar,,Miroduar,,,,,,,,,,,,Миродар,
m_name.voruns.982,Славовер,Slavover,,Slavover,,,,,,,,,,,,Славовір,
m_name.voruns.983,Лучерад,Lucherad,,Lucherad,,,,,,,,,,,,Лучерад,
m_name.voruns.984,Витодар,Vitodar,,Vitodar,,,,,,,,,,,,Вітодар,
m_name.voruns.985,Странолюб,Stranolub,,Stranolub,,,,,,,,,,,,Странолюб,
m_name.voruns.986,Ратодар,Ratodar,,Ratodar,,,,,,,,,,,,Ратодар,
m_name.voruns.987,Златовой,Zlatovoy,,Zlatovoy,,,,,,,,,,,,Златовой,
m_name.voruns.988,Воинолюб,Voinolub,,Voinolub,,,,,,,,,,,,Войнолюб,
m_name.voruns.989,Владозуб,Vladozub,,Vladozub,,,,,,,,,,,,Владозуб,
m_name.voruns.990,Лютосвет,Lyutosvet,,Lyutosvet,,,,,,,,,,,,Лютосвіт,
m_name.voruns.991,Дружосвет,Druzho,,Druzho,,,,,,,,,,,,Дружо,
m_name.voruns.992,Светодар,Svetodar,,Svetodar,,,,,,,,,,,,Світодар,
m_name.voruns.993,Радолюб,Radolyub,,Radolyub,,,,,,,,,,,,Радолюб,
m_name.voruns.994,Вечерад,Vechevad,,Vechevad,,,,,,,,,,,,Вечевад,
m_name.voruns.995,Лутосвет,Lutosvet,,Lutosvet,,,,,,,,,,,,Латосвіт,
m_name.voruns.996,Бородар,Borodar,,Borodar,,,,,,,,,,,,Бородар,
m_name.voruns.997,Степановер,Stepanover,,Stepanover,,,,,,,,,,,,Степановір,
m_name.voruns.998,Ладосил,Ladosil,,Ladosil,,,,,,,,,,,,Ладосил,
m_name.voruns.999,Вололюб,Vololyub,,Vololyub,,,,,,,,,,,,Вололюб,
m_name.voruns.1000,Дружовой,Druzhovoy,,Druzhovoy,,,,,,,,,,,,Дружовой,
m_name.voruns.1001,Силовер,Silover,,Silover,,,,,,,,,,,,Силовір,
m_name.voruns.1002,Живодар,Zhivodar,,Zhivodar,,,,,,,,,,,,Живодар,
m_name.voruns.1003,Перевер,Perever,,Perever,,,,,,,,,,,,Перевер,
m_name.voruns.1004,Световой,Svetovoy,,Svetovoy,,,,,,,,,,,,Світовой,
m_name.voruns.1005,Вечевер,Vechever,,Vechever,,,,,,,,,,,,Вечевір,
m_name.voruns.1006,Лучодар,Luchodar,,Luchodar,,,,,,,,,,,,Лучедар,
m_name.voruns.1007,Витовер,Vitover,,Vitover,,,,,,,,,,,,Вітовір,
m_name.voruns.1008,Странодар,Stranodar,,Stranodar,,,,,,,,,,,,Странодар,
m_name.voruns.1009,Лютерад,Lyuterad,,Lyuterad,,,,,,,,,,,,Лютерад,
m_name.voruns.1010,Ратовер,Ratover,,Ratover,,,,,,,,,,,,Ратовір,
m_name.voruns.1011,Зородар,Zorodar,,Zorodar,,,,,,,,,,,,Зородар,
m_name.voruns.1012,Воиновер,Voinover,,Voinover,,,,,,,,,,,,Войновір,
m_name.voruns.1013,Добродар,Dobrodar,,Dobrodar,,,,,,,,,,,,Добродар,
m_name.voruns.1014,Живовер,Zhivover,,Zhivover,,,,,,,,,,,,Живовір,
m_name.voruns.1015,Миролюб,Mirolub,,Mirolub,,,,,,,,,,,,Миролюб,
m_name.voruns.1016,Славолюб,Slavolub,,Slavolub,,,,,,,,,,,,Славолюб,
m_name.voruns.1017,Лучевер,Luchever,,Luchever,,,,,,,,,,,,Лучевір,
m_name.voruns.1018,Витолюб,Vitolyub,,Vitolyub,,,,,,,,,,,,Вітолюб,
m_name.voruns.1019,Стражодар,Strazhodar,,Strazhodar,,,,,,,,,,,,Стражодар,
m_name.voruns.1020,Радовер,Radover,,Radover,,,,,,,,,,,,Радовір,
m_name.voruns.1021,Златолюб,Zlatolub,,Zlatolub,,,,,,,,,,,,Златолюб,
m_name.voruns.1022,Вечолюб,Vecholyub,,Vecholyub,,,,,,,,,,,,Вечолюб,
m_name.voruns.1023,Лутодар,Lutodar,,Lutodar,,,,,,,,,,,,Латодар,
m_name.voruns.1024,Боросвет,Borodver,,Borodver,,,,,,,,,,,,Бородвор,
m_name.voruns.1025,Степанодар,Stepanosve,,Stepanosve,,,,,,,,,,,,Степаносвіт,
m_name.voruns.1026,Ладовер,Ladosvet,,Ladosvet,,,,,,,,,,,,Ладосвіт,
m_name.voruns.1027,Володар,Volosvet,,Volosvet,,,,,,,,,,,,Волосвіт,
m_name.voruns.1028,Дружолюб,Druzhosil,,Druzhosil,,,,,,,,,,,,Дружесил,
m_name.voruns.1029,Силодар,Silolyub,,Silolyub,,,,,,,,,,,,Силолюб,
m_name.voruns.1030,Живолюб,Zhivosvet,,Zhivosvet,,,,,,,,,,,,Живосвіт,
m_name.voruns.1031,Перодар,Perosvet,,Perosvet,,,,,,,,,,,,Первосвіт,
m_name.voruns.1032,Светолюб,Svetosvet,,Svetosvet,,,,,,,,,,,,Світосвіт,
m_name.voruns.1033,Вечодар,Vecheosil,,Vecheosil,,,,,,,,,,,,Вечесил,
m_name.voruns.1034,Лучолюб,Luchosil,,Luchosil,,,,,,,,,,,,Лучесил,
m_name.voruns.1035,Витосвет,Vitodvor,,Vitodvor,,,,,,,,,,,,Вітодвір,
m_name.voruns.1036,Страносвет,Stranosil,,Stranosil,,,,,,,,,,,,Страносил,
m_name.voruns.1037,Лютодар,Lyutodar,,Lyutodar,,,,,,,,,,,,Лютодар,
m_name.voruns.1038,Ратолюб,Ratolyub,,Ratolyub,,,,,,,,,,,,Ратолюб,
m_name.voruns.1039,Зоролюб,Zorolyub,,Zorolyub,,,,,,,,,,,,Зоролюб,
m_name.voruns.1040,Воиносвет,Voinosvet,,Voinosvet,,,,,,,,,,,,Войносвіт,
m_name.voruns.1041,Добросвет,Dobrosvet,,Dobrosvet,,,,,,,,,,,,Добросвіт,
m_name.voruns.1042,Живосил,Zhivosil,,Zhivosil,,,,,,,,,,,,Живосил,
m_name.voruns.1043,Миросвет,Mirosvet,,Mirosvet,,,,,,,,,,,,Миросвіт,
m_name.voruns.1044,Славосил,Slavosil,,Slavosil,,,,,,,,,,,,Славосил,
m_name.voruns.1045,Лучосвет,Luchosvet,,Luchosvet,,,,,,,,,,,,Лучесвіт,
m_name.voruns.1046,Витосил,Vitosil,,Vitosil,,,,,,,,,,,,Вітосил,
m_name.voruns.1047,Стражолюб,Strazholyub,,Strazholyub,,,,,,,,,,,,Стражелюб,
m_name.voruns.1048,Радосил,Radosil,,Radosil,,,,,,,,,,,,Радосил,
m_name.voruns.1049,Златосвет,Zlatosvet,,Zlatosvet,,,,,,,,,,,,Златосвіт,
m_name.voruns.1050,Вечосвет,Vechosvet,,Vechosvet,,,,,,,,,,,,Вечосвіт,
m_name.voruns.1051,Лутолюб,Lutolyub,,Lutolyub,,,,,,,,,,,,Лютолюб,
m_name.voruns.1052,Бородвер,Borodver,,Borodver,,,,,,,,,,,,Бородвір,
m_name.voruns.1053,Степаносвет,Stepanosvet,,Stepanosvet,,,,,,,,,,,,Степаносвіт,
m_name.voruns.1054,Ладосвет,Ladosvet,,Ladosvet,,,,,,,,,,,,Ладосвіт,
m_name.voruns.1055,Волосвет,Volosvet,,Volosvet,,,,,,,,,,,,Войлосвіт,
m_name.voruns.1056,Дружосил,Druzhosil,,Druzhosil,,,,,,,,,,,,Дружосил,
m_name.voruns.1057,Силолюб,Silolyub,,Silolyub,,,,,,,,,,,,Силолюб,
m_name.voruns.1058,Живосвет,Zhivosvet,,Zhivosvet,,,,,,,,,,,,Живосвят,
m_name.voruns.1059,Перосвет,Perosvet,,Perosvet,,,,,,,,,,,,Первосвіт,
m_name.voruns.1060,Светосвет,Svetosvet,,Svetosvet,,,,,,,,,,,,Світосвіт,
m_name.voruns.1061,Вечосил,Vecheosil,,Vecheosil,,,,,,,,,,,,Вечосил,
m_name.voruns.1062,Лучосил,Luchosil,,Luchosil,,,,,,,,,,,,Лучесил,
m_name.voruns.1063,Витодвор,Vitodvor,,Vitodvor,,,,,,,,,,,,Вітадвір,
m_name.voruns.1064,Страносил,Stranosil,,Stranosil,,,,,,,,,,,,Страносил,
m_name.makha.1065,Амонраш,Amonrash,,Amonrash,,,,,,,,,,,,Амонраш,
m_name.makha.1066,Нефертон,Neferton,,Neferton,,,,,,,,,,,,Нефертон,
m_name.makha.1067,Осиримир,Osirimir,,Osirimir,,,,,,,,,,,,Озірмір,
m_name.makha.1068,Рахотеп,Rahotep,,Rahotep,,,,,,,,,,,,Рахотеп,
m_name.makha.1069,Сенусерт,Senusert,,Senusert,,,,,,,,,,,,Сенусерт,
m_name.makha.1070,Тутмосил,Tutmosil,,Tutmosil,,,,,,,,,,,,Тутмосіл,
m_name.makha.1071,Хепусет,Hepuset,,Hepuset,,,,,,,,,,,,Хепусет,
m_name.makha.1072,Меренфер,Merenfer,,Merenfer,,,,,,,,,,,,Меренфер,
m_name.makha.1073,Птахосир,Ptahosir,,Ptahosir,,,,,,,,,,,,Птахозір,
m_name.makha.1074,Атенамон,Atenamon,,Atenamon,,,,,,,,,,,,Атенамон,
m_name.makha.1075,Небрахор,Nebrakhor,,Nebrakhor,,,,,,,,,,,,Небрахор,
m_name.makha.1076,Сетираф,Setiraf,,Setiraf,,,,,,,,,,,,Сетіраф,
m_name.makha.1077,Осиртут,Osirtut,,Osirtut,,,,,,,,,,,,Озіртут,
m_name.makha.1078,Рамсет,Ramset,,Ramset,,,,,,,,,,,,Рамсет,
m_name.makha.1079,Хорнубис,Khornubis,,Khornubis,,,,,,,,,,,,Хорнубіс,
m_name.makha.1080,Аменхот,Amenkhot,,Amenkhot,,,,,,,,,,,,Аменхот,
m_name.makha.1081,Маатсети,Maatseti,,Maatseti,,,,,,,,,,,,Маатсеті,
m_name.makha.1082,Таурисра,Taurisra,,Taurisra,,,,,,,,,,,,Таурісра,
m_name.makha.1083,Рахефер,Rakhefer,,Rakhefer,,,,,,,,,,,,Рахефер,
m_name.makha.1084,Хепутах,Heputakh,,Heputakh,,,,,,,,,,,,Гепута,
m_name.makha.1085,Амонмес,Amonmes,,Amonmes,,,,,,,,,,,,Амонмес,
m_name.makha.1086,Сетнубис,Setnubis,,Setnubis,,,,,,,,,,,,Сетнубіс,
m_name.makha.1087,Рахотам,Rahotam,,Rahotam,,,,,,,,,,,,Рахотам,
m_name.makha.1088,Менмаатр,Menmaatr,,Menmaatr,,,,,,,,,,,,Менмаатр,
m_name.makha.1089,Птахотеп,Ptahotep,,Ptahotep,,,,,,,,,,,,Птахотеп,
m_name.makha.1090,Тутнубис,Tutnubis,,Tutnubis,,,,,,,,,,,,Тутнубіс,
m_name.makha.1091,Осирхот,Osirkhot,,Osirkhot,,,,,,,,,,,,Озірхот,
m_name.makha.1092,Неферамон,Neferamon,,Neferamon,,,,,,,,,,,,Неферамон,
m_name.makha.1093,Атенраш,Atenrash,,Atenrash,,,,,,,,,,,,Атенраш,
m_name.makha.1094,Мериптах,Meriptakh,,Meriptakh,,,,,,,,,,,,Меріптах,
m_name.makha.1095,Таурисет,Tauriset,,Tauriset,,,,,,,,,,,,Таурісет,
m_name.makha.1096,Рамоамон,Ramoamon,,Ramoamon,,,,,,,,,,,,Рамомон,
m_name.makha.1097,Хепурах,Hepurakh,,Hepurakh,,,,,,,,,,,,Непурах,
m_name.makha.1098,Сенптах,Senptakh,,Senptakh,,,,,,,,,,,,Сенптах,
m_name.makha.1099,Осиртеп,Osirtep,,Osirtep,,,,,,,,,,,,Озіртеп,
m_name.makha.1100,Ранубхор,Ranubkhor,,Ranubkhor,,,,,,,,,,,,Ранубхор,
m_name.makha.1101,Амонхотеп,Amonkhotep,,Amonkhotep,,,,,,,,,,,,Амонхотеп,
m_name.makha.1102,Сетрахор,Setrakhor,,Setrakhor,,,,,,,,,,,,Сетрахор,
m_name.makha.1103,Мернубис,Mernubis,,Mernubis,,,,,,,,,,,,Мернубіс,
m_name.makha.1104,Тутрамон,Tutramon,,Tutramon,,,,,,,,,,,,Тутрамон,
m_name.makha.1105,Хепамон,Hepamon,,Hepamon,,,,,,,,,,,,Хепамон,
m_name.makha.1106,Небмес,Nebmes,,Nebmes,,,,,,,,,,,,Небмес,
m_name.makha.1107,Атенхор,Atenkhor,,Atenkhor,,,,,,,,,,,,Атенхор,
m_name.makha.1108,Птахрамс,Ptahrams,,Ptahrams,,,,,,,,,,,,Птарамс,
m_name.makha.1109,Рамсосир,Ramsosir,,Ramsosir,,,,,,,,,,,,Рамзосір,
m_name.makha.1110,Неферра,Neferra,,Neferra,,,,,,,,,,,,Нефера,
m_name.makha.1111,Менамон,Menamon,,Menamon,,,,,,,,,,,,Менамон,
m_name.makha.1112,Тутсети,Tutseti,,Tutseti,,,,,,,,,,,,Тутсеті,
m_name.makha.1113,Сетиамон,Setiamon,,Setiamon,,,,,,,,,,,,Сетімон,
m_name.makha.1114,Рахептах,Rakheptakh,,Rakheptakh,,,,,,,,,,,,Рахептах,
m_name.makha.1115,Осирмаат,Osirmaat,,Osirmaat,,,,,,,,,,,,Озірмат,
m_name.makha.1116,Хорраш,Khorrash,,Khorrash,,,,,,,,,,,,Хорраш,
m_name.makha.1117,Меренра,Merenra,,Merenra,,,,,,,,,,,,Меренра,
m_name.makha.1118,Птахамон,Ptahamon,,Ptahamon,,,,,,,,,,,,Птахамон,
m_name.makha.1119,Рахортеп,Rakhortep,,Rakhortep,,,,,,,,,,,,Рахортеп,
m_name.makha.1120,Сенраш,Senrash,,Senrash,,,,,,,,,,,,Сенраш,
m_name.makha.1121,Нефертут,Nefertut,,Nefertut,,,,,,,,,,,,Нефертут,
m_name.makha.1122,Осирхеп,Osirkhep,,Osirkhep,,,,,,,,,,,,Озірхеп,
m_name.makha.1123,Амонрет,Amonret,,Amonret,,,,,,,,,,,,Амонрет,
m_name.makha.1124,Рамсмаат,Ramsmaat,,Ramsmaat,,,,,,,,,,,,Рамсмаат,
m_name.makha.1125,Таураш,Taurash,,Taurash,,,,,,,,,,,,Таураш,
m_name.makha.1126,Хепора,Hephora,,Hephora,,,,,,,,,,,,Гефора,
m_name.makha.1127,Менптах,Menptakh,,Menptakh,,,,,,,,,,,,Менптах,
m_name.makha.1128,Сетамонра,Setamonra,,Setamonra,,,,,,,,,,,,Сетамонра,
m_name.makha.1129,Тутхеп,Tutkhep,,Tutkhep,,,,,,,,,,,,Тутхеп,
m_name.makha.1130,Осирра,Osirra,,Osirra,,,,,,,,,,,,Озірра,
m_name.makha.1131,Ранубра,Ranubra,,Ranubra,,,,,,,,,,,,Ранубра,
m_name.makha.1132,Хортеп,Khortep,,Khortep,,,,,,,,,,,,Хортеп,
m_name.makha.1133,Атенхеп,Atenkhep,,Atenkhep,,,,,,,,,,,,Атенхеп,
m_name.makha.1134,Мерамон,Meramon,,Meramon,,,,,,,,,,,,Мерамон,
m_name.makha.1135,Сенрахор,Senrakhor,,Senrakhor,,,,,,,,,,,,Сенрахор,
m_name.makha.1136,Рамсетра,Ramsetra,,Ramsetra,,,,,,,,,,,,Рамсетра,
m_name.makha.1137,Неферам,Neferam,,Neferam,,,,,,,,,,,,Неферам,
m_name.makha.1138,Осирнуб,Osirnub,,Osirnub,,,,,,,,,,,,Озірнуб,
m_name.makha.1139,Птахтут,Ptahut,,Ptahut,,,,,,,,,,,,Птахут,
m_name.makha.1140,Хепатон,Hepaton,,Hepaton,,,,,,,,,,,,Гепатон,
m_name.makha.1141,Амоносир,Amonosir,,Amonosir,,,,,,,,,,,,Амоносір,
m_name.makha.1142,Рамосет,Ramoset,,Ramoset,,,,,,,,,,,,Рамосет,
m_name.makha.1143,Тутосир,Tutosir,,Tutosir,,,,,,,,,,,,Тутозір,
m_name.makha.1144,Мерптах,Merptakh,,Merptakh,,,,,,,,,,,,Мерптах,
m_name.makha.1145,Сетосир,Setosir,,Setosir,,,,,,,,,,,,Сетозір,
m_name.makha.1146,Рахмаат,Rakhmaat,,Rakhmaat,,,,,,,,,,,,Рахмаат,
m_name.makha.1147,Осиратон,Osiraton,,Osiraton,,,,,,,,,,,,Озіратон,
m_name.makha.1148,Хорнеб,Khorneb,,Khorneb,,,,,,,,,,,,Хорнеб,
m_name.makha.1149,Таурет,Tauret,,Tauret,,,,,,,,,,,,Таурет,
m_name.makha.1150,Атенра,Atenra,,Atenra,,,,,,,,,,,,Атенра,
m_name.makha.1151,Ранебос,Ranebos,,Ranebos,,,,,,,,,,,,Ранебос,
m_name.makha.1152,Небхеп,Nebkhep,,Nebkhep,,,,,,,,,,,,Небхеп,
m_name.makha.1153,Мертут,Mertut,,Mertut,,,,,,,,,,,,Мертут,
m_name.makha.1154,Птахра,Ptahra,,Ptahra,,,,,,,,,,,,Птахра,
m_name.makha.1155,Тутрах,Tutrakh,,Tutrakh,,,,,,,,,,,,Татрух,
m_name.makha.1156,Осиртон,Osirton,,Osirton,,,,,,,,,,,,Озіртон,
m_name.makha.1157,Нефернуб,Nefernub,,Nefernub,,,,,,,,,,,,Нефернуб,
m_name.makha.1158,Рамра,Ramra,,Ramra,,,,,,,,,,,,Рамра,
m_name.makha.1159,Хорамон,Khormon,,Khormon,,,,,,,,,,,,Хормон,
m_name.makha.1160,Менраш,Menrash,,Menrash,,,,,,,,,,,,Менраш,
m_name.makha.1161,Сетнеб,Setneb,,Setneb,,,,,,,,,,,,Сетнеб,
m_name.makha.1162,Атенам,Atenam,,Atenam,,,,,,,,,,,,Атенам,
m_name.makha.1163,Птахтон,Ptakhton,,Ptakhton,,,,,,,,,,,,Птахтон,
m_name.makha.1164,Тутосе,Tutoshe,,Tutoshe,,,,,,,,,,,,Тутош,
m_name.makha.1165,Амтенра,Amtenra,,Amtenra,,,,,,,,,,,,Амтенра,
m_name.makha.1166,Сефмонет,Sefmonet,,Sefmonet,,,,,,,,,,,,Сефмонет,
m_name.makha.1167,Хепраптах,Hepaphtakh,,Hepaphtakh,,,,,,,,,,,,Гепаптах,
m_name.makha.1168,Ратумсен,Ratumsen,,Ratumsen,,,,,,,,,,,,Ратумсен,
m_name.makha.1169,Нефертум,Nefertum,,Nefertum,,,,,,,,,,,,Нефертум,
m_name.makha.1170,Осирмон,Osirmon,,Osirmon,,,,,,,,,,,,Озірмон,
m_name.makha.1171,Птахсен,Ptakhsen,,Ptakhsen,,,,,,,,,,,,Птахсен,
m_name.makha.1172,Тутхепра,Tutkhepra,,Tutkhepra,,,,,,,,,,,,Тутхепра,
m_name.makha.1173,Сетраптах,Setaphtakh,,Setaphtakh,,,,,,,,,,,,Сетаптах,
m_name.makha.1174,Хорнебра,Khornebra,,Khornebra,,,,,,,,,,,,Хорнебра,
m_name.makha.1175,Мертумра,Mertumra,,Mertumra,,,,,,,,,,,,Мертумра,
m_name.makha.1176,Расефра,Rasefra,,Rasefra,,,,,,,,,,,,Расефра,
m_name.makha.1177,Хепсенра,Hepsenra,,Hepsenra,,,,,,,,,,,,Гепсенра,
m_name.makha.1178,Оснептах,Osnephtakh,,Osnephtakh,,,,,,,,,,,,Ознептах,
m_name.makha.1179,Небортеп,Nebortep,,Nebortep,,,,,,,,,,,,Небортеп,
m_name.makha.1180,Рамутнуб,Ramutnub,,Ramutnub,,,,,,,,,,,,Рамутнуб,
m_name.makha.1181,Птахтумра,Ptakhtumra,,Ptakhtumra,,,,,,,,,,,,Птахтумра,
m_name.makha.1182,Сетптанеб,Setptaneb,,Setptaneb,,,,,,,,,,,,Септанеб,
m_name.makha.1183,Амумсеп,Amumsep,,Amumsep,,,,,,,,,,,,Амумсеп,
m_name.makha.1184,Тутсефра,Tutsefra,,Tutsefra,,,,,,,,,,,,Тутсефра,
m_name.makha.1185,Осирхор,Osirkhor,,Osirkhor,,,,,,,,,,,,Озірхор,
m_name.makha.1186,Хорнетум,Khornetum,,Khornetum,,,,,,,,,,,,Хорнетум,
m_name.makha.1187,Небрамон,Nebramon,,Nebramon,,,,,,,,,,,,Небрамон,
m_name.makha.1188,Ратумсеп,Ratums,,Ratums,,,,,,,,,,,,Ратумс,
m_name.makha.1189,Хепорнеб,Heborn,,Heborn,,,,,,,,,,,,Геборн,
m_name.makha.1190,Амтепсен,Amtepsen,,Amtepsen,,,,,,,,,,,,Амтепсен,
m_name.makha.1191,Сетумра,Setumra,,Setumra,,,,,,,,,,,,Сетумра,
m_name.makha.1192,Птахорсен,Ptakhorsen,,Ptakhorsen,,,,,,,,,,,,Птахорсен,
m_name.makha.1193,Хоррамон,Khormon,,Khormon,,,,,,,,,,,,Хормон,
m_name.makha.1194,Оснепра,Osnepra,,Osnepra,,,,,,,,,,,,Ознепра,
m_name.makha.1195,Ранубтеп,Ranubtep,,Ranubtep,,,,,,,,,,,,Ранубтеп,
m_name.makha.1196,Хепсетра,Hepsetra,,Hepsetra,,,,,,,,,,,,Хепсетра,
m_name.makha.1197,Амраор,Amraor,,Amraor,,,,,,,,,,,,Амраор,
m_name.makha.1198,Тутраосир,Tutraosir,,Tutraosir,,,,,,,,,,,,Тутраозір,
m_name.makha.1199,Сеторхеп,Setorkhep,,Setorkhep,,,,,,,,,,,,Сеторхеп,
m_name.makha.1200,Птахсенра,Ptakhsenra,,Ptakhsenra,,,,,,,,,,,,Птахсенра,
m_name.makha.1201,Небтеум,Nebteum,,Nebteum,,,,,,,,,,,,Небтум,
m_name.makha.1202,Раамтум,Raamtum,,Raamtum,,,,,,,,,,,,Раамтум,
m_name.makha.1203,Хорсепра,Khorsepra,,Khorsepra,,,,,,,,,,,,Хорсепра,
m_name.makha.1204,Осиртепра,Osirtep,,Osirtep,,,,,,,,,,,,Озіртеп,
m_name.makha.1205,Амптахсен,Amptakhsen,,Amptakhsen,,,,,,,,,,,,Амптахсен,
m_name.makha.1206,Туторнеб,Tutorneb,,Tutorneb,,,,,,,,,,,,Туторнеб,
m_name.makha.1207,Сетраор,Setraor,,Setraor,,,,,,,,,,,,Сетраор,
m_name.makha.1208,Хепамтен,Hepamten,,Hepamten,,,,,,,,,,,,Гепамтен,
m_name.makha.1209,Ранетум,Ranetum,,Ranetum,,,,,,,,,,,,Ранетум,
m_name.makha.1210,Птахортеп,Ptakhortep,,Ptakhortep,,,,,,,,,,,,Птахортеп,
m_name.makha.1211,Оснепра,Osnep,,Osnep,,,,,,,,,,,,Ознеп,
m_name.makha.1212,Тутнебра,Tutnebra,,Tutnebra,,,,,,,,,,,,Тутнебра,
m_name.makha.1213,Небрасен,Nebrase,,Nebrase,,,,,,,,,,,,Небразе,
m_name.makha.1214,Хортумнеп,Khortum,,Khortum,,,,,,,,,,,,Хортум,
m_name.makha.1215,Амраор,Amraor,,Amraor,,,,,,,,,,,,Амрор,
m_name.makha.1216,Сетнубра,Setnubra,,Setnubra,,,,,,,,,,,,Сетнубра,
m_name.makha.1217,Ратепсен,Ratepsen,,Ratepsen,,,,,,,,,,,,Ратепсен,
m_name.makha.1218,Хепсетум,Hepsetum,,Hepsetum,,,,,,,,,,,,Гепсетум,
m_name.makha.1219,Осортеп,Osortep,,Osortep,,,,,,,,,,,,Озортеп,
m_name.makha.1220,Птахсеннеб,Ptakhsen,,Ptakhsen,,,,,,,,,,,,Птахсен,
m_name.makha.1221,Тутрамон,Tutramon,,Tutramon,,,,,,,,,,,,Тутрамон,
m_name.makha.1222,Хоррасен,Khorr,,Khorr,,,,,,,,,,,,Кхорр,
m_name.makha.1223,Ратумнеб,Ratumn,,Ratumn,,,,,,,,,,,,Ратумн,
m_name.makha.1224,Сетптахор,Setptakhor,,Setptakhor,,,,,,,,,,,,Септахор,
m_name.makha.1225,Осиртум,Osirtum,,Osirtum,,,,,,,,,,,,Озіртум,
m_name.makha.1226,Амнепра,Amnepra,,Amnepra,,,,,,,,,,,,Амнепра,
m_name.makha.1227,Хепрануб,Hepranub,,Hepranub,,,,,,,,,,,,Гепрануб,
m_name.makha.1228,Раортеп,Raortep,,Raortep,,,,,,,,,,,,Раортеп,
m_name.makha.1229,Тутхепра,Tutkhepra,,Tutkhepra,,,,,,,,,,,,Тутхепра,
m_name.makha.1230,Птахраор,Ptakhraor,,Ptakhraor,,,,,,,,,,,,Птахрор,
m_name.makha.1231,Сетптахсен,Setptaksen,,Setptaksen,,,,,,,,,,,,Сетптахсен,
m_name.makha.1232,Хортумра,Khortumra,,Khortumra,,,,,,,,,,,,Хортумра,
m_name.makha.1233,Оснубра,Osnubra,,Osnubra,,,,,,,,,,,,Ознубра,
m_name.makha.1234,Расенра,Rase,,Rase,,,,,,,,,,,,Разе,
m_name.makha.1235,Небраам,Nebram,,Nebram,,,,,,,,,,,,Небрам,
m_name.makha.1236,Хепортум,Hepor,,Hepor,,,,,,,,,,,,Гепор,
m_name.makha.1237,Тутрахор,Tutrakhor,,Tutrakhor,,,,,,,,,,,,Тутрахор,
m_name.makha.1238,Аморнеп,Amornep,,Amornep,,,,,,,,,,,,Аморнеп,
m_name.makha.1239,Сеторра,Setorra,,Setorra,,,,,,,,,,,,Сетора,
m_name.makha.1240,Ратепнуб,Ratepnub,,Ratepnub,,,,,,,,,,,,Ратепнуб,
m_name.makha.1241,Птахсенра,Ptakhsenra,,Ptakhsenra,,,,,,,,,,,,Птахсенра,
m_name.makha.1242,Осиртеп,Osirtep,,Osirtep,,,,,,,,,,,,Озіртеп,
m_name.makha.1243,Хортумра,Khortumra,,Khortumra,,,,,,,,,,,,Хортумра,
m_name.makha.1244,Небрасеп,Nebrasep,,Nebrasep,,,,,,,,,,,,Небрасеп,
m_name.makha.1245,Раортеп,Raortep,,Raortep,,,,,,,,,,,,Раортеп,
m_name.makha.1246,Амтумсен,Amtumsen,,Amtumsen,,,,,,,,,,,,Амтумсен,
m_name.makha.1247,Сетраор,Setraor,,Setraor,,,,,,,,,,,,Сетраор,
m_name.makha.1248,Птахнебра,Ptakhneb,,Ptakhneb,,,,,,,,,,,,Птахнеб,
m_name.makha.1249,Осирнеп,Osirnep,,Osirnep,,,,,,,,,,,,Озірнеп,
m_name.makha.1250,Хепрасен,Heprasen,,Heprasen,,,,,,,,,,,,Гепрасен,
m_name.makha.1251,Тутрамон,Tutramon,,Tutramon,,,,,,,,,,,,Тутрамон,
m_name.makha.1252,Ратумра,Ratumra,,Ratumra,,,,,,,,,,,,Ратумра,
m_name.makha.1253,Сетптах,Setptakh,,Setptakh,,,,,,,,,,,,Септах,
m_name.makha.1254,Хоррасеп,Khorr,,Khorr,,,,,,,,,,,,Кхорр,
m_name.makha.1255,Оснепра,Osnep,,Osnep,,,,,,,,,,,,Ознеп,
m_name.makha.1256,Амтумор,Amtumor,,Amtumor,,,,,,,,,,,,Амтумор,
m_name.makha.1257,Небрасен,Nebrase,,Nebrase,,,,,,,,,,,,Небразе,
m_name.makha.1258,Расенра,Rase,,Rase,,,,,,,,,,,,Разе,
m_name.makha.1259,Сетрахор,Setrakhor,,Setrakhor,,,,,,,,,,,,Сетрахор,
m_name.makha.1260,Птахсепра,Ptakhsep,,Ptakhsep,,,,,,,,,,,,Птахсеп,
m_name.makha.1261,Тутнебра,Tutnebra,,Tutnebra,,,,,,,,,,,,Тутнебра,
m_name.makha.1262,Хепратум,Hepratum,,Hepratum,,,,,,,,,,,,Гепратум,
m_name.makha.1263,Осортеп,Osor,,Osor,,,,,,,,,,,,Озор,
m_name.makha.1264,Амтепсен,Amtepsen,,Amtepsen,,,,,,,,,,,,Амтепен,